NB_SCATS_SITE,offpeak_volume,peak_volume
100,4173.0,7193.0
101,3301.0,6139.0
102,6594.0,8388.0
103,3010.0,3742.0
104,6359.0,7486.0
105,9853.0,12404.0
106,4045.0,6532.0
107,10047.0,14710.0
108,3270.0,5379.0
109,5270.0,8078.0
111,6743.0,7923.0
112,8288.0,9729.0
113,5985.0,7623.0
114,6966.0,9356.0
115,7411.0,9638.0
116,3748.0,4343.0
117,16488.0,19778.0
118,3443.0,5083.0
119,5995.0,6974.0
120,10333.0,15511.0
121,15739.0,19162.0
122,5158.0,7848.0
124,9467.0,11571.0
125,9065.0,11433.0
126,14438.0,19014.0
127,9548.0,10672.0
129,8804.0,9738.0
130,10889.0,12542.0
131,6841.0,7284.0
133,12378.0,17272.0
134,10976.0,15574.0
136,10491.0,14493.0
137,11924.0,17358.0
138,15159.0,21475.0
139,10526.0,11396.0
140,6333.0,8192.0
141,9719.0,13021.0
142,7945.0,10007.0
143,10444.0,11973.0
144,4754.0,5623.0
145,6189.0,7832.0
146,6011.0,8857.0
147,2873.0,4179.0
148,3026.0,4491.0
149,10470.0,12329.0
152,5322.0,5665.0
153,9196.0,10549.0
154,2355.0,3250.0
155,3676.0,5063.0
157,10536.0,13652.0
158,10252.0,11517.0
159,8529.0,12274.0
160,1796.0,2540.0
161,7750.0,11466.0
162,10166.0,15211.0
163,7327.0,11038.0
164,14051.0,18244.0
165,7614.0,11259.0
166,9986.0,12546.0
167,6075.0,8244.0
168,8898.0,13971.0
169,9541.0,15443.0
170,11625.0,16412.0
171,7803.0,11069.0
172,7313.0,10199.0
173,7222.0,9619.0
174,11512.0,16388.0
175,8655.0,11898.0
176,11322.0,14973.0
177,13014.0,17543.0
178,7730.0,10678.0
179,9256.0,12545.0
180,6806.0,9445.0
181,5640.0,6884.0
182,6801.0,8982.0
185,14381.0,17865.0
186,5963.0,7694.0
187,2686.0,4753.0
188,7358.0,10857.0
189,8601.0,12415.0
190,11991.0,15755.0
191,7418.0,11078.0
192,7223.0,10206.0
194,8609.0,9864.0
195,18501.0,22125.0
196,11752.0,13963.0
197,9212.0,11174.0
198,10523.0,14762.0
199,9213.0,11736.0
200,12487.0,15166.0
201,9660.0,11327.0
202,17275.0,19319.0
203,11794.0,15814.0
204,7159.0,10299.0
205,7557.0,9904.0
206,9814.0,13359.0
208,9648.0,12085.0
209,5857.0,6941.0
211,5100.0,7638.0
212,5287.0,7926.0
213,3426.0,5610.0
214,6275.0,10800.0
215,6005.0,9130.0
216,7239.0,11091.0
217,3003.0,5137.0
218,2996.0,5135.0
220,2978.0,5129.0
221,5045.0,8035.0
222,4249.0,7429.0
223,6889.0,10239.0
224,4738.0,7750.0
225,2634.0,4392.0
226,2983.0,4833.0
227,3765.0,5554.0
228,3341.0,4779.0
229,1858.0,2607.0
230,5045.0,6453.0
231,6163.0,7676.0
232,5505.0,7312.0
233,7313.0,9831.0
235,5292.0,7824.0
236,6961.0,9759.0
237,10691.0,13015.0
238,6201.0,7453.0
239,11103.0,12835.0
240,5059.0,6626.0
241,10196.0,14453.0
242,3889.0,1867.0
243,3537.0,4190.0
244,5447.0,6139.0
245,2644.0,2870.0
247,4368.0,4750.0
248,3925.0,4182.0
249,4820.0,5204.0
250,4496.0,4885.0
251,9921.0,13261.0
252,8661.0,10174.0
253,8655.0,10333.0
254,6474.0,7829.0
255,7013.0,9873.0
256,15372.0,21742.0
257,12187.0,13665.0
258,14065.0,20258.0
259,5234.0,7666.0
260,2838.0,3052.0
261,6408.0,8755.0
262,4355.0,6708.0
263,6241.0,8499.0
264,11481.0,14304.0
265,13410.0,16394.0
266,4581.0,6563.0
267,8293.0,11293.0
268,8322.0,13132.0
269,6534.0,7591.0
270,10586.0,13811.0
271,7984.0,9325.0
272,5624.0,7288.0
273,3084.0,3934.0
274,5273.0,6743.0
275,5498.0,7622.0
276,9235.0,9976.0
277,5783.0,7534.0
278,5284.0,7598.0
279,4904.0,6050.0
280,7857.0,11939.0
281,6301.0,9519.0
283,7485.0,10070.0
284,3453.0,4982.0
285,3941.0,5298.0
287,12618.0,14295.0
288,5416.0,6862.0
289,2666.0,4839.0
290,7325.0,10247.0
291,10083.0,12883.0
294,4457.0,6194.0
295,11171.0,15441.0
297,7292.0,8321.0
299,4420.0,4762.0
300,10026.0,12898.0
301,5099.0,7549.0
302,4820.0,7228.0
303,8853.0,10830.0
304,8131.0,10676.0
305,9115.0,12119.0
306,2015.0,2749.0
307,7054.0,9645.0
308,5179.0,5683.0
309,2889.0,5395.0
310,8136.0,10550.0
311,10219.0,14286.0
312,2420.0,5289.0
313,9269.0,11712.0
314,5376.0,9219.0
315,1785.0,2199.0
316,3285.0,4667.0
317,10376.0,13112.0
318,13720.0,16051.0
319,9648.0,12392.0
320,3424.0,6168.0
323,6495.0,8383.0
325,12556.0,15883.0
326,14247.0,16170.0
327,8040.0,9830.0
328,3668.0,4916.0
329,7222.0,9865.0
330,9378.0,12748.0
331,6111.0,7850.0
332,11335.0,14639.0
333,6167.0,7886.0
334,6147.0,7938.0
335,9110.0,12016.0
337,10678.0,13207.0
338,5295.0,7238.0
339,9149.0,13768.0
340,3928.0,5758.0
342,6592.0,9009.0
343,5153.0,7830.0
345,4308.0,6671.0
346,3388.0,5083.0
348,4501.0,6589.0
349,,
350,0.0,0.0
351,6437.0,8646.0
352,5328.0,6830.0
353,7787.0,10358.0
354,7415.0,10463.0
355,4833.0,7817.0
356,6347.0,9592.0
357,3767.0,5632.0
358,9599.0,12637.0
359,6076.0,8189.0
360,8557.0,12447.0
361,9402.0,12725.0
362,4905.0,6419.0
363,6366.0,8960.0
364,6663.0,9244.0
365,5250.0,8601.0
366,4744.0,7342.0
367,9102.0,14058.0
369,9458.0,13157.0
370,4765.0,6968.0
371,7857.0,11043.0
372,4670.0,6109.0
373,7073.0,9261.0
374,8030.0,11344.0
375,11409.0,14109.0
376,4491.0,6891.0
377,9337.0,11699.0
378,9216.0,14005.0
379,4490.0,8016.0
383,5547.0,9810.0
384,7243.0,9123.0
385,1827.0,3129.0
387,4725.0,6339.0
388,0.0,1.0
389,6136.0,7966.0
391,10700.0,14155.0
393,11784.0,13064.0
394,8106.0,10193.0
395,5829.0,8199.0
396,4444.0,7612.0
397,4007.0,5814.0
398,13876.0,16918.0
399,9846.0,13725.0
400,9200.0,15293.0
401,5592.0,10296.0
403,8426.0,13072.0
404,2420.0,2993.0
405,5317.0,6910.0
407,6033.0,7386.0
408,19306.0,24442.0
409,11609.0,13470.0
411,11678.0,14453.0
412,6860.0,10253.0
413,12026.0,15483.0
414,20366.0,23582.0
415,20226.0,21764.0
416,21604.0,22626.0
417,15607.0,19498.0
418,11135.0,13733.0
420,9935.0,13039.0
421,0.0,0.0
422,14231.0,19052.0
423,12012.0,14941.0
424,11897.0,14553.0
426,13186.0,16879.0
427,10757.0,12799.0
429,16734.0,21303.0
430,13014.0,15724.0
431,11977.0,14609.0
432,14576.0,18680.0
433,12030.0,14908.0
434,4814.0,5233.0
435,6335.0,8163.0
436,5827.0,6994.0
437,4472.0,5491.0
438,7866.0,11090.0
439,5344.0,8017.0
440,4852.0,7794.0
441,9226.0,14791.0
442,9938.0,14726.0
443,0.0,0.0
444,5175.0,6904.0
445,4444.0,6992.0
446,3105.0,4522.0
448,9822.0,14691.0
449,7273.0,11438.0
450,7881.0,11327.0
451,9580.0,13737.0
452,0.0,0.0
453,3900.0,4449.0
454,7755.0,11406.0
455,8563.0,13878.0
456,15201.0,20163.0
457,6095.0,7937.0
459,8792.0,11841.0
460,4885.0,7297.0
461,1129.0,1655.0
462,0.0,0.0
463,6755.0,10104.0
464,16972.0,27948.0
465,3059.0,4075.0
466,3539.0,4747.0
467,8805.0,10587.0
468,0.0,0.0
469,4784.0,6652.0
470,0.0,0.0
471,0.0,0.0
472,7920.0,9436.0
473,2914.0,4076.0
474,4773.0,6862.0
475,0.0,0.0
476,4225.0,5474.0
477,0.0,0.0
479,5559.0,6859.0
480,6541.0,7864.0
481,6434.0,8210.0
482,9248.0,11274.0
483,11978.0,16679.0
484,0.0,0.0
485,0.0,0.0
486,0.0,0.0
487,3334.0,4949.0
488,9707.0,14241.0
489,10473.0,15351.0
490,2450.0,3834.0
491,9193.0,12849.0
492,9921.0,15800.0
493,9097.0,14349.0
495,6754.0,9229.0
496,2946.0,4781.0
498,3679.0,5858.0
499,3852.0,6048.0
500,4708.0,6778.0
501,5744.0,6190.0
502,9389.0,13897.0
503,6151.0,6318.0
504,8911.0,15454.0
505,7004.0,10670.0
506,8744.0,13391.0
507,1282.0,2016.0
508,13664.0,20559.0
509,2871.0,4462.0
510,6499.0,10150.0
511,13156.0,19292.0
512,9454.0,12930.0
513,5634.0,8187.0
514,6819.0,10112.0
515,5489.0,7470.0
516,3690.0,5432.0
519,4466.0,9125.0
520,3920.0,5614.0
521,6694.0,9584.0
522,4933.0,8018.0
523,531.0,1097.0
525,5759.0,7651.0
526,3506.0,7079.0
527,6123.0,7108.0
528,8500.0,11502.0
529,12714.0,19027.0
530,14087.0,19171.0
531,3042.0,3569.0
532,7094.0,11278.0
533,9166.0,14569.0
534,2.0,0.0
535,6483.0,10140.0
537,9187.0,12842.0
538,15812.0,21094.0
541,4727.0,6688.0
542,2523.0,2847.0
543,9908.0,12355.0
544,10839.0,11672.0
545,2782.0,4380.0
546,,
547,5261.0,7843.0
548,13653.0,18374.0
549,9747.0,12302.0
550,4131.0,4677.0
551,6659.0,9151.0
552,3231.0,4888.0
553,1.0,0.0
554,4306.0,4266.0
555,3841.0,4522.0
556,9200.0,12699.0
557,4442.0,7691.0
558,3171.0,6463.0
559,10774.0,17302.0
563,5151.0,5537.0
564,4396.0,5502.0
565,3761.0,5343.0
567,6966.0,10696.0
568,1533.0,2896.0
569,10886.0,13695.0
570,8217.0,12913.0
571,2266.0,2785.0
572,3548.0,5182.0
573,2509.0,3777.0
574,14782.0,20852.0
575,12336.0,15829.0
576,13071.0,15074.0
577,8613.0,12333.0
578,6462.0,9419.0
579,5861.0,8100.0
580,0.0,0.0
581,7184.0,9632.0
582,2884.0,4921.0
585,6392.0,8362.0
587,8293.0,11183.0
589,,
590,4691.0,7064.0
591,8163.0,11615.0
592,7529.0,10504.0
594,11000.0,15401.0
595,6205.0,6921.0
596,3085.0,5239.0
597,3964.0,5768.0
598,8986.0,11538.0
599,10706.0,12035.0
600,7317.0,12000.0
601,6330.0,10212.0
602,8553.0,11090.0
604,14494.0,20007.0
605,10221.0,18687.0
606,5680.0,10093.0
607,4671.0,8813.0
608,8422.0,10930.0
609,5990.0,7936.0
610,5132.0,7611.0
611,9311.0,10872.0
612,7110.0,9414.0
613,3309.0,6671.0
614,8183.0,12408.0
616,3146.0,4471.0
617,4624.0,8293.0
618,4215.0,5895.0
619,5143.0,7129.0
620,12294.0,19822.0
621,7048.0,8884.0
622,8046.0,9577.0
623,4786.0,6278.0
624,4342.0,6303.0
625,0.0,0.0
626,5732.0,8620.0
627,1269.0,2196.0
628,6011.0,8749.0
629,9024.0,12774.0
630,5062.0,6527.0
631,12359.0,15112.0
632,0.0,0.0
633,4354.0,6573.0
634,14001.0,19759.0
637,7075.0,9804.0
638,4521.0,7076.0
639,5147.0,8236.0
640,7841.0,12210.0
641,3651.0,5590.0
643,2013.0,2948.0
644,2510.0,3750.0
646,8204.0,10476.0
648,6653.0,8508.0
649,4545.0,5681.0
650,4419.0,5724.0
651,3366.0,4504.0
653,1089.0,1489.0
654,2207.0,3292.0
655,3585.0,4707.0
656,7733.0,10427.0
657,6844.0,9504.0
658,0.0,0.0
659,9741.0,12858.0
660,8176.0,9192.0
661,10079.0,12846.0
662,8698.0,11017.0
663,5385.0,7092.0
664,9557.0,11667.0
665,8026.0,9059.0
666,3481.0,5452.0
667,1833.0,2370.0
668,5363.0,6612.0
669,4105.0,4448.0
670,8135.0,11659.0
671,7761.0,8779.0
674,10555.0,12138.0
676,2691.0,4292.0
678,9904.0,13860.0
679,782.0,958.0
680,8397.0,13177.0
681,4212.0,7101.0
682,5223.0,7142.0
684,0.0,0.0
685,2311.0,3872.0
686,9774.0,13756.0
687,6419.0,8660.0
688,0.0,0.0
689,1216.0,1786.0
690,5533.0,9318.0
691,7633.0,10483.0
692,1279.0,1849.0
693,5961.0,9507.0
694,1759.0,1991.0
695,2341.0,2698.0
696,11229.0,14485.0
697,3482.0,5527.0
698,7912.0,11006.0
700,12328.0,17285.0
701,4452.0,7997.0
702,6224.0,8184.0
703,5892.0,8380.0
704,5410.0,8821.0
705,7060.0,10272.0
706,3222.0,4458.0
707,3431.0,6041.0
708,5448.0,7472.0
709,5144.0,7236.0
710,9376.0,11391.0
711,5886.0,7451.0
712,9338.0,12862.0
713,5494.0,7504.0
714,5842.0,6948.0
715,4861.0,6123.0
716,4530.0,6047.0
717,7936.0,9480.0
718,4591.0,6308.0
719,5388.0,7866.0
720,4685.0,6808.0
721,2869.0,3385.0
723,7824.0,10156.0
724,5209.0,5379.0
725,12547.0,17208.0
727,5273.0,5477.0
728,5645.0,7309.0
729,5558.0,7193.0
730,2840.0,3331.0
731,13973.0,19039.0
733,8097.0,10813.0
734,5210.0,6617.0
735,7697.0,9457.0
737,14289.0,21147.0
738,8052.0,11776.0
739,2482.0,3718.0
740,1882.0,2562.0
741,2213.0,2401.0
742,3718.0,5130.0
743,7175.0,10338.0
744,10299.0,13723.0
745,4430.0,6073.0
746,6949.0,6445.0
747,9997.0,11301.0
748,3214.0,3841.0
749,8750.0,12226.0
750,3840.0,4836.0
751,5310.0,6502.0
752,10964.0,14867.0
753,4726.0,7063.0
754,5533.0,5657.0
755,10806.0,14557.0
756,6708.0,9739.0
761,3708.0,6204.0
763,2380.0,2937.0
764,10394.0,14096.0
765,14469.0,22228.0
766,6093.0,8336.0
767,4012.0,5353.0
770,4318.0,5592.0
771,5949.0,7470.0
772,0.0,0.0
773,4147.0,6849.0
774,7725.0,12162.0
775,10130.0,14127.0
776,4524.0,6079.0
777,11485.0,15513.0
778,9791.0,13090.0
779,5907.0,7316.0
780,4196.0,5371.0
781,6957.0,9830.0
782,11076.0,14231.0
783,8209.0,11470.0
784,13462.0,19611.0
785,10978.0,16129.0
786,10082.0,12222.0
787,3617.0,6158.0
788,8126.0,10122.0
789,4350.0,6528.0
790,7912.0,11017.0
791,9151.0,11744.0
792,4763.0,6460.0
793,9612.0,12422.0
794,7616.0,10686.0
795,9896.0,11908.0
796,10110.0,15067.0
797,0.0,0.0
798,8447.0,12237.0
799,9422.0,13472.0
800,3714.0,6528.0
801,5087.0,5841.0
803,6627.0,9826.0
804,4910.0,8195.0
806,5040.0,6470.0
807,5614.0,8121.0
808,2195.0,3609.0
812,3977.0,4411.0
814,,
815,4561.0,7687.0
817,2862.0,3643.0
818,2904.0,3978.0
820,1906.0,2750.0
821,4322.0,5398.0
822,7070.0,10120.0
823,2382.0,3364.0
824,4839.0,8235.0
825,6622.0,8669.0
827,6189.0,8543.0
833,4807.0,4952.0
834,3811.0,4180.0
841,5242.0,6428.0
842,6291.0,7566.0
843,7328.0,9326.0
844,9352.0,13271.0
845,5815.0,7325.0
846,7471.0,9362.0
847,7042.0,8433.0
848,8093.0,10169.0
849,24131.0,32582.0
850,5827.0,8351.0
851,6769.0,10028.0
853,11474.0,16246.0
854,9637.0,12742.0
855,18498.0,22764.0
857,7573.0,10436.0
858,6440.0,9367.0
859,6748.0,7892.0
860,10969.0,14542.0
861,6691.0,8546.0
863,9770.0,12285.0
864,6378.0,8772.0
865,10291.0,14152.0
866,4156.0,4581.0
867,15349.0,22438.0
868,4409.0,6236.0
869,14323.0,20811.0
871,9418.0,13678.0
872,0.0,0.0
873,6273.0,9044.0
879,3215.0,3536.0
881,4523.0,6690.0
886,8592.0,11290.0
888,9728.0,13246.0
889,8446.0,11251.0
891,5954.0,6408.0
892,5388.0,8393.0
893,12386.0,18478.0
895,7528.0,8792.0
896,10309.0,10900.0
897,4348.0,5723.0
898,2737.0,4364.0
900,5462.0,7755.0
901,7780.0,11065.0
904,2657.0,3704.0
906,10142.0,12125.0
907,7481.0,8744.0
908,3599.0,5151.0
910,6095.0,8436.0
912,3938.0,5764.0
913,4426.0,6544.0
915,7601.0,8976.0
917,2362.0,4548.0
918,2567.0,3226.0
919,3974.0,5662.0
920,4733.0,7024.0
921,2032.0,2523.0
923,11531.0,16131.0
924,9044.0,13420.0
925,3499.0,5556.0
926,3010.0,3746.0
927,5604.0,9273.0
929,6228.0,8771.0
930,5676.0,7449.0
932,9003.0,13476.0
933,3433.0,5180.0
935,7452.0,12537.0
936,8769.0,13281.0
937,3900.0,4855.0
938,7295.0,9720.0
939,7782.0,11669.0
940,0.0,0.0
941,8522.0,12405.0
942,3473.0,5581.0
943,6291.0,8062.0
944,7739.0,10960.0
947,4120.0,5677.0
948,16490.0,23054.0
949,1698.0,2160.0
952,5520.0,6096.0
953,2870.0,4603.0
954,9175.0,13233.0
955,2099.0,1963.0
959,5530.0,7052.0
960,7530.0,6190.0
961,8506.0,9853.0
962,9277.0,12660.0
963,8200.0,11273.0
964,4481.0,5888.0
965,10732.0,12584.0
966,3488.0,5704.0
967,2656.0,5073.0
968,2996.0,4082.0
969,2519.0,3576.0
970,9270.0,12160.0
971,5956.0,8843.0
972,602.0,395.0
973,1743.0,3052.0
974,12872.0,17595.0
975,3965.0,6606.0
976,4676.0,6341.0
977,5732.0,8033.0
979,6981.0,8793.0
981,5869.0,8399.0
982,6006.0,7928.0
983,4874.0,6175.0
984,12056.0,17470.0
985,3360.0,3392.0
986,3261.0,5146.0
987,8404.0,10100.0
988,3037.0,2675.0
989,4078.0,5703.0
990,5115.0,5159.0
991,10964.0,13678.0
992,4434.0,6537.0
994,5008.0,7735.0
995,7604.0,9970.0
998,8700.0,9613.0
999,17235.0,21699.0
1000,4481.0,4805.0
1001,8102.0,9873.0
1002,4121.0,5737.0
1003,4105.0,4026.0
1005,3866.0,3981.0
1006,4471.0,4116.0
1007,9272.0,9958.0
1009,3328.0,4074.0
1010,3979.0,5182.0
1011,3953.0,5660.0
1012,9761.0,10892.0
1013,3120.0,4096.0
1014,3045.0,4025.0
1017,6253.0,7317.0
1018,8568.0,11317.0
1019,5987.0,8044.0
1023,10769.0,14659.0
1024,3910.0,5418.0
1026,8292.0,11470.0
1028,2650.0,4732.0
1029,2110.0,3087.0
1031,4222.0,4447.0
1034,1958.0,2198.0
1036,3390.0,4461.0
1037,5912.0,7276.0
1038,12536.0,12731.0
1039,4377.0,5461.0
1043,1776.0,3097.0
1044,5453.0,7056.0
1045,6084.0,8116.0
1046,8267.0,10745.0
1047,2299.0,3642.0
1048,3796.0,5582.0
1050,10945.0,12613.0
1051,2423.0,3255.0
1052,3983.0,5946.0
1053,1764.0,2849.0
1054,2639.0,3683.0
1056,6633.0,10041.0
1057,6200.0,8527.0
1059,2466.0,2226.0
1061,9283.0,9973.0
1063,6740.0,7080.0
1064,6686.0,7004.0
1065,6120.0,9140.0
1066,2418.0,3276.0
1067,3733.0,4281.0
1068,3698.0,5061.0
1069,1713.0,2072.0
1071,5612.0,7582.0
1072,2341.0,2522.0
1073,7560.0,8595.0
1075,2550.0,2433.0
1076,3165.0,4150.0
1077,6521.0,9593.0
1078,6741.0,9175.0
1079,2649.0,3285.0
1080,3216.0,4633.0
1081,4662.0,8055.0
1091,6297.0,6918.0
1093,9754.0,12729.0
1094,9500.0,11171.0
1095,7894.0,9272.0
1097,9544.0,11054.0
1099,5455.0,5846.0
1100,14799.0,18679.0
1101,8844.0,11381.0
1102,8877.0,12200.0
1103,8356.0,13377.0
1104,7964.0,11821.0
1105,8923.0,15621.0
1107,10758.0,17209.0
1108,10036.0,15161.0
1109,3218.0,4876.0
1110,0.0,0.0
1111,7493.0,10179.0
1112,10846.0,15528.0
1113,11221.0,13468.0
1114,8811.0,14250.0
1117,5655.0,8935.0
1118,9604.0,15014.0
1119,9098.0,13736.0
1120,12733.0,16797.0
1121,13576.0,18250.0
1122,10099.0,11495.0
1123,7413.0,9834.0
1137,2.0,1.0
1138,10104.0,14428.0
1139,3156.0,5319.0
1140,6676.0,9773.0
1141,1988.0,2241.0
1142,1149.0,1408.0
1144,16555.0,21499.0
1145,10220.0,12690.0
1146,3899.0,6797.0
1147,3317.0,6057.0
1148,3953.0,7513.0
1149,3516.0,6156.0
1150,5563.0,7093.0
1151,5221.0,5497.0
1152,3312.0,4443.0
1154,3997.0,6964.0
1156,15616.0,18293.0
1157,5263.0,6065.0
1158,1702.0,1555.0
1159,2220.0,2574.0
1160,2145.0,3314.0
1161,6216.0,6781.0
1162,3842.0,5429.0
1164,5086.0,7913.0
1165,5563.0,7289.0
1166,3705.0,4653.0
1167,5862.0,6313.0
1168,,
1169,3718.0,5131.0
1170,7202.0,9055.0
1171,5945.0,8027.0
1174,4703.0,7183.0
1176,2264.0,3044.0
1177,1471.0,1933.0
1178,8490.0,9967.0
1180,4912.0,6468.0
1181,6272.0,8602.0
1182,12241.0,18362.0
1183,2967.0,4030.0
1184,5977.0,8916.0
1185,8267.0,10930.0
1186,7158.0,7990.0
1188,1764.0,1948.0
1190,12193.0,14203.0
1191,1519.0,1948.0
1192,3443.0,4674.0
1195,8054.0,11087.0
1196,9342.0,11846.0
1197,24686.0,29811.0
1198,7018.0,10283.0
1200,6087.0,7532.0
1202,8063.0,9415.0
1203,5256.0,8496.0
1204,2023.0,2127.0
1205,5625.0,8084.0
1207,2875.0,4180.0
1208,4649.0,8044.0
1209,6459.0,8263.0
1211,8828.0,15427.0
1212,2937.0,6044.0
1213,2039.0,3571.0
1214,1981.0,4266.0
1215,3316.0,5906.0
1216,,
1217,2845.0,3497.0
1218,7900.0,13224.0
1219,2139.0,3110.0
1220,13594.0,13987.0
1225,2389.0,4093.0
1226,1794.0,3318.0
1227,1713.0,3292.0
1229,5236.0,8072.0
1230,3610.0,6611.0
1234,8228.0,13106.0
1235,7522.0,8952.0
1236,4714.0,6889.0
1237,5497.0,7211.0
1238,4046.0,4992.0
1240,7232.0,8406.0
1241,4239.0,5531.0
1242,2864.0,4419.0
1243,2811.0,4357.0
1244,2705.0,4278.0
1245,6142.0,8845.0
1246,6787.0,11270.0
1247,6947.0,10378.0
1249,6367.0,9108.0
1251,4776.0,4951.0
1256,6882.0,7893.0
1257,8702.0,9478.0
1258,1446.0,2261.0
1259,4842.0,5404.0
1260,3963.0,5692.0
1261,5398.0,8512.0
1262,4322.0,7147.0
1263,914.0,1327.0
1264,5390.0,7769.0
1266,1846.0,2910.0
1267,11287.0,15195.0
1297,3409.0,5232.0
1298,3162.0,4867.0
1299,2101.0,3197.0
1300,596.0,740.0
1301,6478.0,6823.0
1302,13321.0,16471.0
1303,7034.0,8261.0
1304,9040.0,14800.0
1305,5683.0,7684.0
1306,9402.0,9318.0
1307,1760.0,3601.0
1309,6354.0,7507.0
1310,10093.0,16666.0
1311,3963.0,6543.0
1312,9437.0,9357.0
1313,3170.0,5461.0
1314,0.0,0.0
1315,4387.0,8248.0
1316,4132.0,3878.0
1320,2824.0,3880.0
1321,4890.0,6785.0
1322,5341.0,7203.0
1323,2841.0,5256.0
1324,4248.0,7695.0
1325,3411.0,6259.0
1326,4140.0,6334.0
1327,3804.0,5132.0
1328,3365.0,4985.0
1329,6662.0,11399.0
1330,2634.0,4519.0
1331,8823.0,14488.0
1333,8236.0,12462.0
1334,2661.0,4852.0
1335,6040.0,9243.0
1336,9730.0,13641.0
1337,10079.0,15135.0
1338,4166.0,7295.0
1340,3490.0,4987.0
1342,2452.0,3028.0
1343,7643.0,12275.0
1344,6002.0,8276.0
1346,3540.0,5080.0
1347,3298.0,3149.0
1348,3162.0,3686.0
1350,3413.0,4948.0
1351,3112.0,5469.0
1352,3673.0,4815.0
1355,6971.0,11098.0
1358,3707.0,4711.0
1359,25342.0,26835.0
1360,,
1361,4076.0,4888.0
1362,5272.0,7948.0
1363,5772.0,11037.0
1364,3381.0,3997.0
1365,2257.0,3373.0
1366,4521.0,5304.0
1367,4314.0,5834.0
1368,3081.0,5212.0
1369,4881.0,7487.0
1370,4368.0,7440.0
1371,2303.0,3224.0
1374,6382.0,8115.0
1376,6542.0,9071.0
1377,2739.0,4195.0
1378,6620.0,8105.0
1379,6147.0,8410.0
1380,1971.0,3126.0
1381,1646.0,2519.0
1382,5049.0,5965.0
1387,2581.0,3154.0
1388,2978.0,3390.0
1390,8307.0,11732.0
1391,3187.0,3823.0
1392,4927.0,5713.0
1394,5567.0,8977.0
1395,4529.0,8817.0
1396,11202.0,12961.0
1397,14414.0,16646.0
1398,8256.0,9562.0
1399,4640.0,8867.0
1400,4698.0,5480.0
1404,3126.0,2690.0
1405,2257.0,3933.0
1406,5905.0,8373.0
1409,1598.0,2976.0
1415,13333.0,19794.0
1418,9542.0,13698.0
1419,5910.0,8109.0
1421,1146.0,2061.0
1422,2153.0,4651.0
1423,3915.0,7769.0
1424,3301.0,6794.0
1425,10182.0,10520.0
1426,11008.0,19186.0
1427,7722.0,13271.0
1429,3398.0,4444.0
1430,5282.0,6745.0
1431,3260.0,5379.0
1432,3137.0,5324.0
1433,3761.0,6608.0
1434,4443.0,6764.0
1435,1840.0,2899.0
1439,5576.0,5713.0
1440,1874.0,3273.0
1441,1810.0,2777.0
1442,7707.0,7994.0
1444,2466.0,5106.0
1445,4200.0,5931.0
1448,3417.0,5735.0
1449,2102.0,2977.0
1452,4322.0,5742.0
1457,3453.0,5902.0
1460,7888.0,8811.0
1464,9501.0,14645.0
1465,4524.0,5971.0
1466,3245.0,4781.0
1467,4856.0,8102.0
1468,,
1469,1726.0,3200.0
1470,2650.0,3437.0
1472,2851.0,5972.0
1473,1574.0,1691.0
1474,2773.0,3473.0
1475,8839.0,11595.0
1476,6915.0,10372.0
1477,12508.0,17651.0
1478,1854.0,2206.0
1479,4214.0,6512.0
1480,3442.0,4464.0
1481,1585.0,3187.0
1482,1384.0,1880.0
1483,4906.0,7183.0
1484,1204.0,2171.0
1485,7571.0,12752.0
1486,2644.0,4095.0
1487,4139.0,6441.0
1489,7952.0,8765.0
1490,6097.0,8894.0
1491,2485.0,2903.0
1492,2283.0,3471.0
1493,3448.0,5842.0
1495,1052.0,1916.0
1496,2694.0,4244.0
1497,4577.0,9970.0
1498,3959.0,6454.0
1499,7127.0,10354.0
1500,4700.0,9656.0
1501,4287.0,6398.0
1505,4448.0,9051.0
1506,5680.0,8402.0
1507,7239.0,12292.0
1508,2434.0,3593.0
1509,7848.0,8461.0
1510,3344.0,6463.0
1511,5344.0,5107.0
1512,5099.0,7930.0
1513,4705.0,6196.0
1514,2484.0,2852.0
1515,2250.0,3847.0
1516,2498.0,5227.0
1518,2881.0,5229.0
1519,4368.0,6957.0
1520,18448.0,28215.0
1521,1420.0,1921.0
1522,4172.0,6988.0
1523,3625.0,6901.0
1524,5806.0,9636.0
1526,1962.0,3378.0
1528,4095.0,6219.0
1529,13240.0,21577.0
1531,6620.0,9198.0
1532,3852.0,5934.0
1533,2842.0,3720.0
1534,5737.0,8768.0
1535,4021.0,5756.0
1538,1.0,0.0
1539,7331.0,10388.0
1542,8517.0,7671.0
1543,0.0,0.0
1544,3590.0,5324.0
1545,7082.0,8799.0
1546,187.0,757.0
1547,4207.0,7943.0
1548,3657.0,4580.0
1550,1662.0,2094.0
1551,5339.0,8862.0
1552,653.0,634.0
1553,4520.0,7922.0
1554,7257.0,11891.0
1556,3061.0,6604.0
1557,2156.0,2418.0
1559,2746.0,3613.0
1561,5293.0,6683.0
1562,5927.0,9102.0
1563,6920.0,7663.0
1564,4710.0,8019.0
1565,5310.0,9484.0
1566,5883.0,7997.0
1568,3607.0,5629.0
1569,4159.0,5296.0
1570,4913.0,5968.0
1571,1666.0,1593.0
1572,1712.0,1535.0
1574,1.0,1.0
1576,9276.0,12957.0
1577,954.0,1239.0
1578,6391.0,10347.0
1579,7509.0,11190.0
1581,3799.0,6345.0
1582,755.0,1025.0
1583,3587.0,5225.0
1584,1243.0,2352.0
1585,8027.0,11257.0
1586,1398.0,2116.0
1587,605.0,1366.0
1588,4725.0,5954.0
1590,4904.0,8740.0
1591,1.0,5.0
1592,4357.0,7212.0
1599,3554.0,4005.0
1681,4406.0,7370.0
1689,8022.0,9201.0
1697,12549.0,17117.0
1698,13895.0,19457.0
1699,13759.0,18950.0
1700,6997.0,10125.0
1701,8325.0,13606.0
1703,125.0,175.0
1704,5680.0,7777.0
1706,6342.0,9013.0
1707,3981.0,4607.0
1709,,
1710,6039.0,8443.0
1711,4078.0,5204.0
1712,7646.0,10338.0
1713,7238.0,11726.0
1714,4204.0,7207.0
1715,4511.0,8232.0
1716,4832.0,8053.0
1717,7900.0,10284.0
1718,1693.0,2563.0
1719,4831.0,5624.0
1720,7955.0,11095.0
1722,2883.0,5640.0
1723,6784.0,8463.0
1725,2396.0,2968.0
1726,3482.0,4994.0
1727,,
1731,2598.0,4504.0
1732,5504.0,7674.0
1733,3668.0,3767.0
1734,926.0,2090.0
1737,3435.0,6540.0
1738,3814.0,5478.0
1739,5124.0,5807.0
1740,3768.0,4674.0
1741,1493.0,3034.0
1742,3359.0,4399.0
1744,8036.0,9855.0
1745,3358.0,5516.0
1746,3085.0,4194.0
1748,5285.0,7657.0
1749,5441.0,6151.0
1751,3848.0,7886.0
1752,3336.0,5344.0
1753,7092.0,9491.0
1754,1148.0,1464.0
1755,2341.0,3996.0
1756,0.0,0.0
1762,984.0,2137.0
1765,4041.0,7645.0
1766,8297.0,11062.0
1767,2381.0,3577.0
1768,5332.0,7328.0
1770,1449.0,3065.0
1771,1185.0,2019.0
1775,0.0,0.0
1776,17217.0,19608.0
1780,3490.0,5110.0
1781,4034.0,7494.0
1782,6031.0,8687.0
1783,6067.0,9064.0
1784,3737.0,6601.0
1785,3607.0,5994.0
1787,4040.0,6999.0
1788,8089.0,10390.0
1793,7930.0,8927.0
1794,10099.0,12512.0
1795,4375.0,4714.0
1796,9912.0,11480.0
1797,8008.0,14321.0
1798,6168.0,11614.0
1799,5029.0,8866.0
1800,5302.0,9237.0
1801,8717.0,15058.0
1802,4149.0,5332.0
1803,2932.0,3100.0
1804,2384.0,3429.0
1805,3477.0,4932.0
1807,4639.0,5969.0
1808,8840.0,12012.0
1809,4091.0,6968.0
1810,6343.0,7095.0
1811,3919.0,5578.0
1812,7179.0,13072.0
1813,3324.0,5022.0
1815,11072.0,16172.0
1816,2827.0,4528.0
1817,5833.0,7692.0
1818,6449.0,9753.0
1819,5979.0,8353.0
1824,2856.0,4357.0
1825,1824.0,2818.0
1827,2356.0,3811.0
1828,4214.0,8100.0
1829,756.0,825.0
1830,8451.0,12428.0
1831,,
1832,4783.0,7344.0
1833,6290.0,9489.0
1834,1410.0,2161.0
1835,2864.0,3178.0
1836,5462.0,6098.0
1837,2950.0,4607.0
1838,932.0,1402.0
1842,5704.0,8943.0
1846,2853.0,3093.0
1847,4904.0,7643.0
1848,,
1850,,
1851,4391.0,6988.0
1852,4243.0,6239.0
1853,1996.0,3193.0
1854,1390.0,2598.0
1857,7.0,0.0
1860,1573.0,3409.0
1861,7921.0,9202.0
1864,2840.0,4621.0
1866,3930.0,5851.0
1867,1337.0,1982.0
1868,1772.0,3174.0
1869,2125.0,3412.0
1870,4948.0,7580.0
1871,1274.0,3099.0
1872,10511.0,10884.0
1873,6028.0,8419.0
1874,3972.0,6983.0
1876,,
1877,990.0,1973.0
1878,746.0,889.0
1879,6379.0,7475.0
1880,2892.0,4329.0
1881,3250.0,4040.0
1887,1743.0,2937.0
1888,2294.0,5400.0
1889,5493.0,7150.0
1890,3270.0,4262.0
1891,,
1892,7080.0,8662.0
1899,4961.0,6017.0
1900,,
1901,2478.0,4297.0
1904,3332.0,5276.0
1927,3800.0,6249.0
1928,6290.0,9395.0
1929,3975.0,5232.0
1930,2003.0,3269.0
1934,,
1935,4033.0,6870.0
1936,3402.0,5598.0
1937,6737.0,9108.0
1939,1938.0,3336.0
1941,3776.0,6556.0
1942,,
1943,2817.0,3369.0
1947,4357.0,5159.0
1948,1454.0,2208.0
1949,1452.0,2156.0
1950,11100.0,12060.0
1951,16505.0,23274.0
1952,5090.0,6565.0
1953,6856.0,8363.0
1954,2047.0,2926.0
1955,,
1956,4096.0,7024.0
1957,5044.0,8101.0
1958,2309.0,4053.0
1961,4740.0,8603.0
1962,7965.0,12367.0
1964,2601.0,3134.0
1965,1837.0,3343.0
1966,2800.0,6213.0
1967,3565.0,6235.0
1968,428.0,770.0
1969,1537.0,3336.0
1970,2281.0,3757.0
1971,6010.0,7826.0
1972,4642.0,10357.0
1975,1182.0,2591.0
1976,5124.0,8798.0
1977,3326.0,4914.0
1978,8811.0,12998.0
1979,2301.0,3011.0
1982,8425.0,14044.0
1983,5677.0,6515.0
1986,4592.0,5063.0
1987,1809.0,3970.0
1988,2572.0,5378.0
1990,7428.0,11902.0
1991,1214.0,2861.0
1992,6112.0,9127.0
1993,7867.0,11909.0
1994,,
1995,6068.0,9556.0
1997,2813.0,6383.0
1999,9724.0,10160.0
2000,9273.0,11562.0
2001,5214.0,7584.0
2002,12003.0,16059.0
2003,12274.0,16354.0
2004,5324.0,8705.0
2005,7162.0,9713.0
2006,9430.0,13907.0
2007,6703.0,9970.0
2008,9918.0,13941.0
2009,6770.0,10682.0
2010,6083.0,7114.0
2011,10329.0,10614.0
2012,9685.0,14017.0
2013,3427.0,5221.0
2014,3368.0,5808.0
2015,1.0,0.0
2016,,
2017,13781.0,18467.0
2018,9379.0,14360.0
2019,6947.0,8463.0
2020,15758.0,21293.0
2021,6614.0,10168.0
2022,10042.0,11700.0
2023,4270.0,5599.0
2024,2115.0,2384.0
2025,3870.0,5037.0
2028,8157.0,12665.0
2030,,
2031,1383.0,1152.0
2032,852.0,690.0
2033,6709.0,8447.0
2034,9212.0,10816.0
2035,3026.0,2758.0
2037,4072.0,6132.0
2038,7177.0,8757.0
2039,,
2040,5526.0,7119.0
2041,6837.0,9498.0
2042,4030.0,5671.0
2043,7055.0,8837.0
2045,4174.0,6805.0
2046,4474.0,5880.0
2047,2843.0,4472.0
2048,3437.0,3365.0
2050,7905.0,10763.0
2051,0.0,0.0
2052,4087.0,6093.0
2053,5394.0,6261.0
2054,5446.0,6676.0
2058,3806.0,5054.0
2059,2376.0,4305.0
2062,2293.0,3386.0
2063,10741.0,14174.0
2064,4638.0,7682.0
2065,2945.0,4660.0
2066,0.0,0.0
2067,1990.0,3888.0
2068,4959.0,7351.0
2069,5621.0,5906.0
2070,6651.0,8340.0
2072,1831.0,3125.0
2073,3460.0,4404.0
2074,1900.0,2641.0
2077,,
2078,6357.0,8804.0
2079,5029.0,8062.0
2080,790.0,1300.0
2081,5305.0,7944.0
2082,5711.0,8220.0
2085,1761.0,2480.0
2086,1111.0,2414.0
2087,3173.0,4981.0
2089,5184.0,8085.0
2090,4217.0,5017.0
2091,162.0,274.0
2092,11187.0,15948.0
2093,4128.0,4547.0
2095,709.0,404.0
2097,4584.0,7333.0
2100,15997.0,18798.0
2101,18192.0,22113.0
2102,10038.0,10645.0
2103,14796.0,19052.0
2104,15555.0,19334.0
2105,9905.0,13385.0
2107,2530.0,2975.0
2108,8246.0,15895.0
2109,12121.0,13409.0
2110,11388.0,11573.0
2111,3866.0,5189.0
2112,3554.0,4987.0
2113,5295.0,8637.0
2114,5005.0,7811.0
2115,4856.0,7381.0
2116,3638.0,5340.0
2117,1970.0,3538.0
2118,13259.0,14911.0
2119,7776.0,11190.0
2121,1243.0,2170.0
2122,5991.0,7521.0
2123,4229.0,6742.0
2124,212.0,323.0
2125,9950.0,11586.0
2126,8056.0,8996.0
2127,4214.0,5710.0
2128,2142.0,3730.0
2129,1090.0,1665.0
2130,1616.0,3140.0
2131,2441.0,4114.0
2132,1985.0,3956.0
2133,8373.0,14380.0
2135,5202.0,8199.0
2136,3507.0,5025.0
2137,4121.0,6001.0
2139,2681.0,4747.0
2141,3754.0,5800.0
2144,,
2145,8266.0,10703.0
2146,8763.0,10883.0
2147,8871.0,11078.0
2149,14097.0,14175.0
2150,7614.0,8951.0
2151,6703.0,8333.0
2152,4438.0,7034.0
2153,7127.0,8920.0
2155,10437.0,12963.0
2157,16691.0,18057.0
2158,13473.0,13014.0
2159,11726.0,11702.0
2160,11197.0,13746.0
2161,14110.0,14361.0
2162,11183.0,13764.0
2163,8576.0,10633.0
2164,8960.0,13455.0
2166,8327.0,10043.0
2167,13378.0,12791.0
2168,5992.0,8180.0
2169,14925.0,17049.0
2171,3945.0,5541.0
2172,13289.0,17683.0
2173,19431.0,21618.0
2175,5623.0,5040.0
2176,3218.0,4335.0
2177,2091.0,2006.0
2178,8897.0,9422.0
2179,3722.0,6363.0
2180,8032.0,8012.0
2181,11398.0,12603.0
2182,2991.0,5209.0
2183,10924.0,12377.0
2184,9453.0,12083.0
2185,16149.0,26823.0
2186,3346.0,4815.0
2187,13406.0,13367.0
2188,8238.0,7861.0
2189,8227.0,7356.0
2190,6808.0,8368.0
2191,10922.0,14098.0
2193,5094.0,6027.0
2194,12291.0,13990.0
2195,5412.0,6749.0
2200,5981.0,7611.0
2201,6511.0,7737.0
2202,757.0,1758.0
2203,9420.0,12424.0
2204,5895.0,7772.0
2205,6860.0,7318.0
2206,9002.0,10087.0
2207,5561.0,7558.0
2208,8347.0,10885.0
2209,4624.0,6039.0
2210,7154.0,8579.0
2211,4068.0,5952.0
2212,10892.0,11664.0
2219,9666.0,11786.0
2220,2111.0,2662.0
2221,1561.0,2010.0
2223,3307.0,6783.0
2224,5380.0,8438.0
2227,5671.0,9356.0
2228,7728.0,9329.0
2229,8259.0,10067.0
2230,2839.0,3667.0
2231,4203.0,6961.0
2232,807.0,1425.0
2233,4978.0,7516.0
2234,1603.0,2483.0
2236,8950.0,9271.0
2237,3463.0,3742.0
2239,4155.0,5999.0
2240,150.0,603.0
2242,5259.0,8140.0
2243,2227.0,3299.0
2244,4027.0,5261.0
2246,4320.0,6710.0
2248,1244.0,2004.0
2250,8376.0,9429.0
2253,2994.0,5855.0
2257,2969.0,3173.0
2258,,
2259,3940.0,6436.0
2260,5749.0,6727.0
2261,2008.0,4273.0
2262,2856.0,2480.0
2263,1004.0,2134.0
2264,3589.0,5363.0
2266,365.0,752.0
2268,4021.0,9026.0
2269,6517.0,7757.0
2273,3182.0,6212.0
2275,160.0,254.0
2276,7871.0,9341.0
2278,1425.0,3064.0
2279,6931.0,7392.0
2281,557.0,903.0
2283,3221.0,5786.0
2285,2212.0,4547.0
2289,11116.0,14133.0
2290,18636.0,21330.0
2291,1754.0,3120.0
2292,9354.0,12612.0
2293,3761.0,5260.0
2294,120.0,141.0
2295,4825.0,4851.0
2297,4891.0,5877.0
2298,5987.0,9849.0
2299,8146.0,11526.0
2300,4814.0,7175.0
2301,10713.0,13102.0
2302,18258.0,20624.0
2303,5850.0,6285.0
2304,11953.0,14228.0
2305,10292.0,12423.0
2306,11744.0,14580.0
2307,10065.0,12635.0
2308,5922.0,8470.0
2309,17228.0,20118.0
2310,11875.0,15119.0
2311,5468.0,8836.0
2312,14102.0,17763.0
2313,9201.0,11673.0
2314,10808.0,13580.0
2315,14553.0,18618.0
2316,18898.0,24356.0
2317,11025.0,13996.0
2318,5919.0,6507.0
2319,13273.0,17355.0
2320,15274.0,19604.0
2321,15200.0,19249.0
2322,14919.0,18819.0
2323,12538.0,15605.0
2324,13642.0,17517.0
2325,17238.0,21203.0
2326,20255.0,25567.0
2327,14016.0,17747.0
2328,13854.0,16469.0
2329,15363.0,20177.0
2330,12400.0,16858.0
2331,7703.0,11073.0
2332,6635.0,9216.0
2333,6248.0,7627.0
2334,11781.0,14763.0
2335,8507.0,9798.0
2336,16855.0,21426.0
2337,18555.0,23508.0
2339,12186.0,15493.0
2340,11383.0,14461.0
2341,5364.0,6344.0
2343,10936.0,12601.0
2345,4738.0,5654.0
2346,1896.0,2783.0
2347,6164.0,6959.0
2348,2725.0,3078.0
2349,3841.0,4907.0
2350,5305.0,6241.0
2351,3651.0,4868.0
2352,11333.0,14568.0
2353,3821.0,5525.0
2354,9657.0,12355.0
2355,5212.0,7468.0
2356,5551.0,8572.0
2359,1036.0,2175.0
2360,2936.0,4259.0
2361,6167.0,8237.0
2362,2935.0,4759.0
2363,2847.0,3023.0
2364,1710.0,2578.0
2366,5414.0,7849.0
2367,906.0,1691.0
2369,3857.0,5723.0
2370,,
2371,1886.0,3420.0
2372,5475.0,7872.0
2373,3231.0,4004.0
2374,3379.0,4322.0
2375,5469.0,8516.0
2377,4777.0,6870.0
2380,6736.0,10639.0
2382,5257.0,8715.0
2383,3284.0,5070.0
2385,9134.0,17115.0
2386,8075.0,10084.0
2387,4903.0,7422.0
2389,2729.0,5053.0
2392,,
2393,8986.0,10461.0
2395,39.0,64.0
2397,9913.0,12561.0
2399,6388.0,7041.0
2400,9177.0,11478.0
2402,8093.0,9570.0
2403,17547.0,20754.0
2404,19054.0,23008.0
2405,17301.0,20182.0
2406,13349.0,15912.0
2407,13855.0,18177.0
2408,12782.0,16871.0
2409,12574.0,15974.0
2410,5480.0,9710.0
2411,11997.0,14718.0
2412,14796.0,17549.0
2413,12127.0,14796.0
2414,8555.0,10977.0
2415,15598.0,19144.0
2416,15165.0,20431.0
2417,12280.0,16082.0
2418,12140.0,16057.0
2419,13311.0,17549.0
2420,15593.0,18617.0
2421,21664.0,27078.0
2422,17393.0,21415.0
2423,7454.0,8403.0
2424,20358.0,25000.0
2425,17315.0,22076.0
2426,11316.0,16735.0
2427,8376.0,12083.0
2428,9905.0,13737.0
2429,12070.0,15942.0
2430,14138.0,19240.0
2431,11953.0,16191.0
2432,11659.0,16042.0
2433,10167.0,12667.0
2434,10788.0,14161.0
2435,11202.0,15241.0
2437,16205.0,21069.0
2438,15870.0,19282.0
2440,10362.0,11414.0
2441,5990.0,6461.0
2442,11511.0,12873.0
2469,4334.0,5283.0
2470,,
2471,3082.0,4305.0
2472,4691.0,5829.0
2473,1479.0,2671.0
2476,2797.0,4346.0
2477,2826.0,4323.0
2478,11964.0,14733.0
2482,8299.0,8977.0
2484,6336.0,6364.0
2485,4850.0,6629.0
2486,1982.0,3088.0
2487,19539.0,22890.0
2488,3820.0,4817.0
2490,3656.0,4613.0
2491,7884.0,9769.0
2492,2756.0,3511.0
2494,11352.0,13413.0
2495,5595.0,8497.0
2496,9689.0,11597.0
2497,4203.0,5842.0
2498,13336.0,15923.0
2499,6681.0,8899.0
2500,9237.0,9519.0
2501,6498.0,8240.0
2502,8523.0,10509.0
2503,10991.0,13289.0
2504,4252.0,5611.0
2505,6811.0,8614.0
2506,11468.0,14215.0
2507,12811.0,15667.0
2508,11652.0,14957.0
2509,7860.0,10810.0
2510,6494.0,7282.0
2511,9095.0,13042.0
2512,10568.0,14450.0
2513,6877.0,8085.0
2514,3214.0,3733.0
2515,3382.0,3409.0
2517,1386.0,1236.0
2518,4786.0,6740.0
2519,9687.0,13539.0
2520,4934.0,6794.0
2524,4215.0,6446.0
2526,3815.0,4942.0
2530,2631.0,5164.0
2531,3730.0,6883.0
2532,123.0,144.0
2533,542.0,1173.0
2534,9849.0,12840.0
2536,2281.0,2661.0
2547,2208.0,3248.0
2548,4803.0,8671.0
2565,11212.0,13157.0
2566,,
2567,5199.0,6973.0
2568,6119.0,10520.0
2570,3773.0,4857.0
2571,3316.0,4914.0
2577,2078.0,3090.0
2579,7226.0,10041.0
2580,7470.0,10457.0
2581,3766.0,5550.0
2582,1421.0,2475.0
2583,5515.0,7024.0
2584,6338.0,8745.0
2585,7053.0,10676.0
2586,5276.0,8179.0
2587,5445.0,8509.0
2589,,
2591,4122.0,6054.0
2592,4860.0,6201.0
2593,5610.0,7711.0
2595,7907.0,11770.0
2597,10444.0,15307.0
2598,8309.0,11634.0
2601,4231.0,4983.0
2602,7192.0,9053.0
2603,9493.0,10366.0
2604,832.0,
2605,7614.0,9110.0
2606,9124.0,12343.0
2607,9804.0,12634.0
2608,11257.0,13942.0
2609,10786.0,13816.0
2610,9437.0,11353.0
2611,9100.0,10850.0
2612,10304.0,12640.0
2613,15825.0,18657.0
2614,17596.0,23896.0
2615,4878.0,5641.0
2616,12979.0,13530.0
2617,14053.0,15151.0
2618,5866.0,7588.0
2620,1544.0,2584.0
2621,3569.0,3641.0
2623,9363.0,13763.0
2624,6206.0,7123.0
2625,4064.0,4535.0
2626,7846.0,8916.0
2627,16558.0,19128.0
2628,18045.0,24285.0
2629,8519.0,13087.0
2630,6817.0,9064.0
2631,8195.0,9056.0
2634,5430.0,6994.0
2636,8262.0,11300.0
2637,7983.0,11157.0
2638,11650.0,15957.0
2639,9052.0,11708.0
2640,8225.0,10769.0
2641,10370.0,12886.0
2642,6080.0,6808.0
2643,1599.0,2147.0
2644,5576.0,6929.0
2645,9546.0,13769.0
2646,7405.0,9950.0
2647,5447.0,5746.0
2649,7602.0,9227.0
2650,7365.0,8236.0
2651,5491.0,6696.0
2652,2341.0,2338.0
2653,3241.0,3562.0
2654,4666.0,6369.0
2655,5781.0,6747.0
2656,12257.0,14350.0
2658,12933.0,16587.0
2659,6126.0,8670.0
2660,6052.0,6049.0
2661,4735.0,7270.0
2662,3566.0,4725.0
2663,5538.0,5416.0
2664,4764.0,5762.0
2666,12365.0,16176.0
2669,,
2674,3436.0,5734.0
2677,3114.0,4295.0
2679,3946.0,5301.0
2680,5243.0,7526.0
2681,3361.0,4254.0
2682,4369.0,5313.0
2683,4283.0,6299.0
2684,6153.0,7710.0
2685,3806.0,3781.0
2686,3343.0,5995.0
2687,4528.0,5447.0
2688,10113.0,11444.0
2689,0.0,0.0
2690,4068.0,5339.0
2691,1602.0,1909.0
2692,3203.0,4355.0
2693,1810.0,2006.0
2694,5011.0,5381.0
2697,863.0,1818.0
2698,3454.0,5401.0
2701,16927.0,20470.0
2703,2367.0,3702.0
2705,4464.0,5343.0
2706,8072.0,10590.0
2707,4797.0,6148.0
2708,4246.0,5419.0
2710,4896.0,5982.0
2711,3269.0,4213.0
2712,5664.0,7519.0
2713,7172.0,9049.0
2714,10005.0,12355.0
2715,11603.0,12300.0
2716,5200.0,6806.0
2718,3268.0,4526.0
2719,4077.0,6339.0
2720,5818.0,6543.0
2721,4639.0,6474.0
2722,7110.0,11061.0
2723,2884.0,4330.0
2724,4600.0,5344.0
2726,7451.0,9278.0
2727,3053.0,3485.0
2728,6414.0,9055.0
2729,3387.0,4768.0
2730,8917.0,13356.0
2731,6755.0,7959.0
2732,6676.0,7582.0
2734,5816.0,8553.0
2735,4754.0,7693.0
2736,4411.0,7123.0
2737,5938.0,7835.0
2738,5209.0,5711.0
2741,3228.0,5141.0
2742,1766.0,2141.0
2743,4795.0,6313.0
2745,3348.0,3838.0
2746,3400.0,4458.0
2748,1968.0,2536.0
2749,3676.0,4662.0
2750,3741.0,4311.0
2754,2158.0,2887.0
2755,2688.0,3655.0
2756,13638.0,17836.0
2757,2309.0,2910.0
2760,10697.0,12651.0
2761,,
2762,3644.0,5585.0
2763,12427.0,15095.0
2764,11851.0,14346.0
2765,5109.0,6031.0
2766,6740.0,10531.0
2767,,
2768,7280.0,11338.0
2769,4630.0,6809.0
2770,6287.0,8173.0
2771,6770.0,10385.0
2772,7660.0,10899.0
2773,4929.0,6177.0
2775,3889.0,6216.0
2776,10074.0,14750.0
2777,2.0,3.0
2778,3582.0,4027.0
2779,3881.0,5379.0
2781,9378.0,10877.0
2782,3942.0,4180.0
2783,2465.0,2765.0
2784,3572.0,4539.0
2785,5994.0,7745.0
2786,3758.0,4661.0
2787,7639.0,9801.0
2788,7468.0,9660.0
2789,12106.0,16229.0
2791,4144.0,4661.0
2792,5851.0,8353.0
2793,3304.0,4773.0
2795,5075.0,6604.0
2796,4324.0,5403.0
2797,11018.0,13182.0
2798,6662.0,7146.0
2808,2601.0,2947.0
2809,4576.0,6854.0
2810,,
2811,8732.0,9109.0
2812,9607.0,10166.0
2813,8796.0,8539.0
2814,12400.0,15480.0
2815,15127.0,15192.0
2816,23644.0,29384.0
2817,5808.0,6507.0
2818,9955.0,10127.0
2819,4166.0,5600.0
2820,7969.0,10067.0
2821,12613.0,16012.0
2822,8333.0,9547.0
2823,10155.0,13054.0
2824,11560.0,14339.0
2825,7785.0,8681.0
2826,6090.0,7460.0
2827,12685.0,16448.0
2828,14520.0,18239.0
2829,11669.0,15040.0
2830,11506.0,14419.0
2833,7617.0,7817.0
2834,6805.0,10675.0
2835,2423.0,2525.0
2836,8871.0,13569.0
2837,6329.0,9403.0
2838,9113.0,9367.0
2839,2076.0,2421.0
2841,4265.0,4441.0
2842,11223.0,10249.0
2843,21935.0,24723.0
2845,13579.0,17443.0
2846,8743.0,11515.0
2849,5663.0,7520.0
2850,17397.0,19143.0
2853,6641.0,7638.0
2854,7690.0,11770.0
2857,7739.0,11697.0
2858,7929.0,10919.0
2860,13139.0,15078.0
2861,6670.0,10262.0
2862,4516.0,5787.0
2863,4889.0,8294.0
2864,14037.0,16118.0
2865,7634.0,7843.0
2866,11342.0,13251.0
2867,8218.0,10203.0
2868,18822.0,22192.0
2869,11053.0,13262.0
2870,4460.0,5850.0
2871,12835.0,14200.0
2872,10958.0,10307.0
2873,6883.0,8338.0
2875,4257.0,5655.0
2876,9169.0,11442.0
2877,6316.0,8923.0
2878,8950.0,10529.0
2879,11396.0,13461.0
2880,15280.0,16513.0
2881,10171.0,11312.0
2882,12094.0,12713.0
2883,8578.0,8348.0
2884,,
2886,3565.0,4585.0
2887,2482.0,4112.0
2888,2246.0,2957.0
2890,3055.0,3446.0
2891,3506.0,4272.0
2892,3721.0,5571.0
2893,4080.0,3789.0
2894,7648.0,11652.0
2895,15742.0,16756.0
2896,4376.0,3952.0
2897,3094.0,2035.0
2898,8065.0,5256.0
2899,,
2900,2153.0,2327.0
2901,4007.0,4602.0
2902,7954.0,9245.0
2903,7837.0,8948.0
2904,6441.0,7049.0
2905,4899.0,5388.0
2906,3655.0,3740.0
2907,5247.0,5926.0
2908,6396.0,7088.0
2909,7929.0,9633.0
2910,3642.0,4875.0
2911,67.0,63.0
2912,4101.0,4588.0
2913,854.0,1129.0
2914,2123.0,1969.0
2915,292.0,324.0
2916,2231.0,2769.0
2917,416.0,430.0
2918,13810.0,17394.0
2919,5210.0,6152.0
2920,8814.0,10264.0
2921,5163.0,6064.0
2922,6977.0,7189.0
2923,3654.0,4171.0
2924,4109.0,5091.0
2925,7833.0,9694.0
2926,4408.0,5751.0
2929,14040.0,14789.0
2931,1028.0,1127.0
2932,3696.0,4530.0
2933,9860.0,11826.0
2934,5145.0,7032.0
2935,3788.0,3650.0
2936,2906.0,3182.0
2937,3483.0,3807.0
2939,6625.0,7097.0
2941,7909.0,9369.0
2942,6221.0,6362.0
2944,4447.0,5841.0
2945,11109.0,14230.0
2946,16074.0,18028.0
2947,4630.0,5371.0
2948,3102.0,4586.0
2949,3010.0,3614.0
2951,1318.0,1526.0
2955,5685.0,6876.0
2956,10395.0,14443.0
2957,1864.0,2121.0
2958,2605.0,3454.0
2960,4456.0,6065.0
2964,8341.0,9108.0
2965,7153.0,8397.0
2967,2155.0,4233.0
2968,11626.0,11820.0
2969,3185.0,4802.0
2970,4253.0,5106.0
2976,1909.0,2386.0
2978,4003.0,6522.0
2979,2670.0,3400.0
2980,2692.0,3118.0
2981,2114.0,2691.0
2982,3189.0,3749.0
2983,3218.0,3680.0
2984,6363.0,6224.0
2985,16498.0,16342.0
2986,4349.0,4554.0
2987,2895.0,3046.0
2988,2771.0,3717.0
2990,0.0,0.0
2991,5048.0,4750.0
2992,9259.0,9291.0
2993,3666.0,6219.0
2994,6917.0,7842.0
2995,912.0,641.0
2996,7635.0,8788.0
2997,1606.0,1127.0
2998,8456.0,12128.0
2999,1014.0,1637.0
3000,3679.0,4360.0
3001,5608.0,7043.0
3002,9868.0,11688.0
3003,7082.0,8389.0
3004,5645.0,7443.0
3005,2988.0,3862.0
3009,5162.0,9091.0
3010,3968.0,6487.0
3011,3978.0,5156.0
3012,6453.0,9530.0
3014,3132.0,5390.0
3016,12880.0,21542.0
3017,8783.0,11172.0
3018,6108.0,10499.0
3019,6713.0,11116.0
3020,4924.0,8868.0
3021,4684.0,8113.0
3022,14006.0,24938.0
3023,5532.0,9187.0
3024,3370.0,4494.0
3025,4165.0,6290.0
3026,3849.0,5942.0
3027,4327.0,6956.0
3028,5020.0,8044.0
3029,0.0,0.0
3030,6633.0,9670.0
3031,0.0,0.0
3032,4004.0,5245.0
3033,2899.0,4447.0
3034,4544.0,6553.0
3035,3773.0,5927.0
3036,1607.0,1981.0
3037,2884.0,4475.0
3038,1569.0,2613.0
3040,2713.0,4432.0
3042,8414.0,10362.0
3043,2647.0,4337.0
3044,8853.0,12107.0
3045,755.0,603.0
3046,689.0,714.0
3047,2904.0,4506.0
3050,12291.0,14160.0
3051,6618.0,7394.0
3052,20114.0,22376.0
3053,13222.0,12706.0
3054,9742.0,11172.0
3055,11485.0,13831.0
3056,13549.0,17794.0
3057,7776.0,10576.0
3058,9756.0,13285.0
3059,14662.0,21087.0
3060,10676.0,21496.0
3061,9865.0,13513.0
3063,8291.0,10836.0
3064,13907.0,16792.0
3065,9822.0,12040.0
3066,14216.0,18683.0
3067,8975.0,11205.0
3068,8909.0,10858.0
3069,5489.0,7425.0
3070,3466.0,3850.0
3071,3408.0,3472.0
3072,9484.0,11199.0
3073,3971.0,4247.0
3075,11810.0,12513.0
3076,4687.0,5223.0
3078,4057.0,4888.0
3079,6987.0,8186.0
3081,2744.0,3333.0
3082,1947.0,2359.0
3083,13367.0,14025.0
3084,5863.0,7536.0
3085,9503.0,10712.0
3086,2387.0,3243.0
3087,2146.0,3527.0
3088,14031.0,16556.0
3091,7547.0,10406.0
3092,3072.0,3431.0
3093,5944.0,8727.0
3095,6026.0,6582.0
3096,3562.0,6728.0
3097,0.0,0.0
3099,5107.0,6177.0
3100,0.0,0.0
3101,9974.0,12076.0
3102,3954.0,4388.0
3103,0.0,0.0
3104,4343.0,6907.0
3106,3882.0,4583.0
3108,11364.0,17331.0
3109,7363.0,8171.0
3110,5459.0,6470.0
3111,4887.0,5011.0
3112,9172.0,13128.0
3113,6602.0,9022.0
3114,5880.0,8084.0
3115,6546.0,7459.0
3116,4504.0,5371.0
3117,3385.0,4709.0
3118,5953.0,8652.0
3119,6545.0,7463.0
3120,8047.0,8116.0
3121,3814.0,4333.0
3122,6146.0,7860.0
3123,4597.0,6000.0
3124,4588.0,5520.0
3125,10756.0,13395.0
3126,6119.0,7306.0
3127,6202.0,8104.0
3128,14081.0,16600.0
3129,9884.0,11239.0
3130,10280.0,13745.0
3131,9193.0,11483.0
3132,11101.0,13175.0
3133,11665.0,13339.0
3134,4735.0,5100.0
3135,,
3136,6368.0,7629.0
3137,7619.0,9128.0
3138,6074.0,7685.0
3139,7213.0,8617.0
3140,0.0,0.0
3141,5910.0,6781.0
3142,2419.0,3287.0
3143,2553.0,3777.0
3144,4935.0,6517.0
3145,6118.0,7476.0
3146,7986.0,10966.0
3147,10958.0,14510.0
3148,6481.0,9308.0
3149,5136.0,6941.0
3150,8669.0,12247.0
3151,8859.0,12468.0
3152,1470.0,2279.0
3153,,
3155,2616.0,3394.0
3156,,
3157,2226.0,1819.0
3158,3008.0,3455.0
3159,6399.0,10506.0
3160,5627.0,9467.0
3161,3292.0,5382.0
3162,6130.0,8439.0
3164,3424.0,4318.0
3166,6101.0,7368.0
3167,2818.0,4079.0
3168,6565.0,10776.0
3169,8928.0,14692.0
3170,10828.0,12405.0
3171,11619.0,13174.0
3172,14378.0,22190.0
3173,6530.0,11590.0
3174,13921.0,22684.0
3175,7262.0,11900.0
3176,4271.0,7682.0
3177,10256.0,14970.0
3178,8283.0,9566.0
3179,6032.0,9486.0
3180,5149.0,7658.0
3181,3987.0,5870.0
3182,12434.0,14487.0
3183,5882.0,7337.0
3184,1652.0,3575.0
3185,5940.0,6554.0
3186,3018.0,4678.0
3187,5834.0,7036.0
3188,3569.0,7523.0
3189,4453.0,5876.0
3190,8083.0,10910.0
3191,15682.0,17857.0
3192,11454.0,14367.0
3193,7240.0,9127.0
3194,6806.0,7828.0
3195,6804.0,8929.0
3196,6809.0,9547.0
3197,4750.0,5385.0
3198,17354.0,22131.0
3199,3688.0,5004.0
3200,4885.0,6329.0
3202,0.0,0.0
3203,4179.0,4937.0
3204,9116.0,10925.0
3205,4997.0,5609.0
3206,8873.0,10361.0
3207,4018.0,5010.0
3208,8048.0,8892.0
3209,4154.0,5382.0
3210,3514.0,4770.0
3211,1201.0,1688.0
3212,6078.0,8167.0
3213,9847.0,10461.0
3214,4570.0,5709.0
3216,6551.0,6962.0
3217,7084.0,9855.0
3218,6236.0,6760.0
3219,3356.0,4104.0
3220,3793.0,4603.0
3221,5489.0,6109.0
3222,6625.0,7289.0
3223,5856.0,7460.0
3224,7519.0,10482.0
3225,13493.0,17711.0
3226,6948.0,9521.0
3227,5855.0,7193.0
3228,5612.0,7212.0
3229,8383.0,10578.0
3230,5640.0,7563.0
3231,4335.0,5884.0
3232,6472.0,7634.0
3233,5833.0,7811.0
3234,4617.0,6629.0
3235,3876.0,5669.0
3236,13048.0,15366.0
3238,8362.0,9640.0
3239,4740.0,6037.0
3240,4044.0,7172.0
3241,3018.0,3939.0
3242,11500.0,14630.0
3243,4041.0,6227.0
3245,5020.0,6166.0
3246,3201.0,3795.0
3247,5275.0,6567.0
3250,4162.0,5439.0
3252,13246.0,16706.0
3253,12010.0,15145.0
3254,3515.0,4331.0
3255,5929.0,7618.0
3257,6437.0,9368.0
3258,6076.0,6940.0
3259,5518.0,6949.0
3260,7502.0,10074.0
3261,7793.0,10446.0
3262,9606.0,11793.0
3263,8146.0,10056.0
3264,5850.0,7222.0
3265,4249.0,5055.0
3266,7038.0,8560.0
3267,10374.0,12776.0
3268,5424.0,6821.0
3269,5870.0,6355.0
3270,5303.0,6799.0
3271,12825.0,15332.0
3272,9369.0,9927.0
3275,357.0,461.0
3276,552.0,576.0
3277,356.0,417.0
3278,161.0,363.0
3280,5219.0,6638.0
3281,3183.0,4682.0
3282,238.0,289.0
3283,2803.0,5234.0
3284,3150.0,4754.0
3285,5704.0,10132.0
3286,800.0,1978.0
3287,3359.0,4323.0
3288,5057.0,5831.0
3289,2050.0,4796.0
3290,5565.0,6771.0
3291,3786.0,4898.0
3292,2602.0,3605.0
3293,7043.0,8473.0
3294,4641.0,5902.0
3295,3887.0,6748.0
3296,2427.0,4012.0
3297,5242.0,6581.0
3299,5479.0,7798.0
3300,3700.0,4504.0
3301,5127.0,6318.0
3302,5829.0,7315.0
3303,5496.0,7012.0
3304,5627.0,7848.0
3305,6007.0,8305.0
3306,7181.0,9066.0
3307,4126.0,5586.0
3308,12066.0,16448.0
3309,4544.0,7271.0
3310,3669.0,4995.0
3311,3229.0,4081.0
3312,3136.0,4684.0
3313,5570.0,7036.0
3314,6842.0,8434.0
3315,7214.0,8707.0
3316,7291.0,8535.0
3317,6737.0,7119.0
3318,11500.0,12146.0
3320,5885.0,4840.0
3321,4371.0,7213.0
3322,8777.0,11184.0
3323,2703.0,4008.0
3326,1570.0,3152.0
3327,4795.0,5447.0
3328,998.0,1325.0
3329,7350.0,8208.0
3330,8947.0,12770.0
3332,9788.0,12512.0
3333,11280.0,13774.0
3334,4927.0,7977.0
3335,4254.0,6510.0
3336,9544.0,13647.0
3337,4739.0,7062.0
3339,11953.0,17028.0
3340,8475.0,10645.0
3341,8494.0,10416.0
3344,5155.0,5938.0
3345,8503.0,10874.0
3347,9009.0,11284.0
3348,4485.0,4521.0
3349,7210.0,9516.0
3350,8644.0,8673.0
3352,9591.0,10973.0
3353,5651.0,6722.0
3354,3766.0,6137.0
3355,5052.0,6262.0
3356,3232.0,3817.0
3357,20631.0,24965.0
3358,4073.0,5208.0
3359,0.0,0.0
3360,16491.0,18994.0
3361,11236.0,15272.0
3362,6924.0,8603.0
3363,7669.0,8503.0
3364,5825.0,7243.0
3366,352.0,351.0
3367,2343.0,3666.0
3368,5980.0,7402.0
3369,772.0,1418.0
3370,4896.0,8164.0
3373,10783.0,10563.0
3374,12297.0,15242.0
3376,24218.0,26605.0
3377,2258.0,2589.0
3380,29583.0,39265.0
3381,20080.0,24850.0
3382,17811.0,22478.0
3383,17867.0,21058.0
3384,16590.0,18695.0
3385,19585.0,18144.0
3386,22098.0,22941.0
3387,6630.0,7989.0
3389,9686.0,8812.0
3390,15653.0,16144.0
3391,12718.0,12936.0
3392,20902.0,23244.0
3393,24262.0,25962.0
3394,996.0,1031.0
3395,12986.0,14378.0
3396,8681.0,10014.0
3397,10091.0,10977.0
3398,10583.0,11186.0
3399,10050.0,11274.0
3400,7455.0,8205.0
3401,14697.0,14686.0
3403,1198.0,1693.0
3404,1595.0,2631.0
3405,6119.0,8373.0
3406,3640.0,4708.0
3408,5386.0,6006.0
3409,5115.0,5522.0
3410,783.0,917.0
3416,1548.0,1608.0
3417,3172.0,4052.0
3419,6693.0,9830.0
3424,3390.0,4590.0
3425,5864.0,7553.0
3426,4246.0,5806.0
3427,2720.0,3919.0
3428,3837.0,5061.0
3429,2121.0,3312.0
3430,,
3431,4434.0,6745.0
3432,3229.0,4576.0
3434,4126.0,4740.0
3435,3246.0,4883.0
3436,1159.0,1547.0
3437,2156.0,3263.0
3438,2192.0,3386.0
3439,3995.0,5449.0
3440,4269.0,5379.0
3441,6192.0,7448.0
3442,4352.0,5917.0
3443,2396.0,2987.0
3445,10995.0,12101.0
3446,1819.0,3178.0
3447,5433.0,8624.0
3448,4603.0,5604.0
3449,2992.0,4496.0
3450,6924.0,9197.0
3451,7077.0,8134.0
3452,3973.0,4773.0
3453,5589.0,6320.0
3454,3693.0,4550.0
3456,3072.0,3663.0
3457,6686.0,6150.0
3458,0.0,8.0
3461,3447.0,3579.0
3463,1719.0,2619.0
3464,74.0,2.0
3465,13132.0,13836.0
3466,4175.0,6899.0
3467,3351.0,5627.0
3469,4454.0,7218.0
3470,0.0,0.0
3471,4649.0,6491.0
3473,5443.0,5687.0
3476,3125.0,3617.0
3477,0.0,0.0
3478,2818.0,5134.0
3479,4316.0,4702.0
3480,6907.0,9072.0
3482,4525.0,5487.0
3483,8440.0,12177.0
3484,2537.0,3187.0
3485,5846.0,7783.0
3486,4848.0,4900.0
3487,9182.0,9108.0
3490,1884.0,3045.0
3491,1992.0,3822.0
3494,4563.0,6997.0
3498,2576.0,3194.0
3499,3834.0,4945.0
3500,7683.0,7990.0
3501,7369.0,7970.0
3502,7097.0,8157.0
3503,9314.0,10416.0
3506,8342.0,9078.0
3507,4575.0,5757.0
3508,2601.0,3414.0
3510,9649.0,11752.0
3511,12163.0,15467.0
3512,0.0,0.0
3513,8236.0,9674.0
3514,10430.0,13026.0
3515,7205.0,8632.0
3516,22033.0,24669.0
3517,0.0,0.0
3518,2070.0,1735.0
3519,18866.0,20511.0
3524,9430.0,10125.0
3526,7607.0,7984.0
3527,5527.0,6893.0
3528,4614.0,5364.0
3529,2859.0,3416.0
3532,4833.0,5792.0
3533,5325.0,6201.0
3535,13607.0,19239.0
3536,4559.0,4515.0
3537,6841.0,8261.0
3538,6176.0,9497.0
3539,6892.0,10774.0
3541,14743.0,18931.0
3542,5346.0,7533.0
3543,1421.0,2073.0
3544,2498.0,3366.0
3546,2184.0,2948.0
3549,2517.0,3527.0
3550,4383.0,5614.0
3551,7383.0,8451.0
3552,5591.0,6765.0
3553,7794.0,9795.0
3554,8844.0,11541.0
3555,5763.0,7659.0
3556,15239.0,18912.0
3557,4972.0,5644.0
3558,9480.0,12139.0
3559,8947.0,11987.0
3560,11276.0,14755.0
3561,7910.0,10325.0
3562,7188.0,9667.0
3563,8877.0,10628.0
3564,8426.0,10350.0
3565,6469.0,7949.0
3566,9365.0,12265.0
3567,4271.0,5815.0
3568,3588.0,4541.0
3570,16472.0,20259.0
3571,6462.0,8299.0
3573,4692.0,7592.0
3574,6608.0,9547.0
3575,1326.0,3030.0
3577,4006.0,5038.0
3578,3230.0,5683.0
3584,2649.0,4255.0
3586,1124.0,2566.0
3587,4967.0,6156.0
3588,6100.0,7699.0
3590,5599.0,7694.0
3591,4488.0,6363.0
3592,5357.0,7753.0
3593,4739.0,7554.0
3594,7025.0,10732.0
3595,6823.0,10604.0
3596,5766.0,8517.0
3597,6889.0,10293.0
3598,4552.0,6661.0
3599,9005.0,12334.0
3600,8077.0,10417.0
3603,7514.0,8621.0
3604,4206.0,5973.0
3605,3088.0,3853.0
3606,4507.0,6148.0
3610,7523.0,9334.0
3611,4943.0,6649.0
3612,8906.0,10827.0
3613,3380.0,3863.0
3615,8106.0,9852.0
3616,11549.0,15109.0
3617,9164.0,10598.0
3618,9490.0,10795.0
3619,8912.0,11036.0
3620,5501.0,5828.0
3621,5858.0,7154.0
3622,6141.0,7434.0
3623,497.0,460.0
3624,4452.0,5472.0
3626,2636.0,5954.0
3627,2727.0,6464.0
3628,1275.0,1029.0
3629,1630.0,2645.0
3630,0.0,0.0
3631,3314.0,3262.0
3632,4571.0,5208.0
3633,2992.0,3722.0
3634,6110.0,8068.0
3635,11074.0,13680.0
3636,2766.0,3658.0
3637,13966.0,17102.0
3638,11862.0,14562.0
3640,8792.0,10791.0
3641,3805.0,4977.0
3642,10359.0,12797.0
3643,12057.0,13773.0
3644,3932.0,5439.0
3646,9283.0,9765.0
3649,2818.0,2576.0
3651,3373.0,4365.0
3652,7292.0,13059.0
3653,8899.0,11306.0
3654,3625.0,4312.0
3655,7802.0,8963.0
3656,3410.0,3953.0
3657,3045.0,3552.0
3658,8969.0,11102.0
3659,6368.0,6809.0
3660,2438.0,3674.0
3661,2864.0,4319.0
3662,8644.0,10494.0
3663,8184.0,9645.0
3664,2928.0,3661.0
3665,2571.0,1600.0
3666,1218.0,2268.0
3667,5243.0,5591.0
3668,4003.0,3760.0
3671,13865.0,17577.0
3672,953.0,1451.0
3673,6671.0,7443.0
3677,6274.0,7464.0
3680,11864.0,15676.0
3681,20460.0,23245.0
3682,7515.0,9570.0
3683,9555.0,9670.0
3684,4956.0,5516.0
3685,7765.0,10081.0
3686,11043.0,12904.0
3687,6914.0,8739.0
3688,3788.0,7061.0
3689,15957.0,18540.0
3690,8642.0,10259.0
3691,11612.0,12953.0
3692,7446.0,7637.0
3693,15872.0,18076.0
3694,11661.0,13155.0
3695,9769.0,10772.0
3696,16038.0,20115.0
3697,10542.0,11471.0
3698,8058.0,9112.0
3699,10411.0,12273.0
3700,9782.0,12538.0
3701,14686.0,14685.0
3702,7641.0,7366.0
3703,8859.0,9273.0
3704,6265.0,7614.0
3705,9296.0,13520.0
3706,17985.0,19987.0
3708,7611.0,10747.0
3709,6109.0,9493.0
3710,8334.0,11492.0
3711,4286.0,5723.0
3713,1906.0,2658.0
3714,7580.0,11306.0
3715,3574.0,3958.0
3718,2657.0,3131.0
3719,4333.0,6221.0
3720,11482.0,14968.0
3721,7533.0,10125.0
3722,9345.0,13031.0
3724,,
3725,5067.0,6831.0
3727,11200.0,12419.0
3730,3843.0,5233.0
3731,3162.0,4100.0
3732,8442.0,11552.0
3734,11620.0,14091.0
3735,18869.0,20679.0
3736,12829.0,14024.0
3737,10547.0,11819.0
3738,6455.0,7765.0
3739,6828.0,8566.0
3740,16972.0,22577.0
3741,11050.0,11268.0
3742,6225.0,8622.0
3743,,
3744,14433.0,18854.0
3745,12795.0,15588.0
3746,6582.0,8321.0
3747,13517.0,15541.0
3749,7813.0,12638.0
3750,5385.0,6998.0
3753,4238.0,4195.0
3755,3355.0,3971.0
3760,5778.0,7149.0
3763,3437.0,4615.0
3764,3582.0,5337.0
3765,4404.0,6724.0
3766,5518.0,8156.0
3767,5625.0,10225.0
3768,1246.0,2104.0
3769,4197.0,4623.0
3771,6446.0,9910.0
3772,8208.0,12652.0
3774,8817.0,9851.0
3775,2093.0,2943.0
3776,5173.0,9674.0
3777,9130.0,12363.0
3778,4810.0,8132.0
3780,5679.0,6851.0
3781,7813.0,8405.0
3782,3195.0,3645.0
3784,7354.0,7967.0
3788,3384.0,4770.0
3790,5190.0,6245.0
3791,3713.0,5026.0
3792,4018.0,4633.0
3793,5452.0,8495.0
3794,1434.0,1712.0
3795,2528.0,2979.0
3796,1978.0,2547.0
3797,8123.0,8784.0
3798,4758.0,6373.0
3800,3027.0,3762.0
3801,5905.0,7646.0
3804,6253.0,7852.0
3805,2604.0,3288.0
3806,5210.0,6143.0
3807,3325.0,4534.0
3808,3831.0,5382.0
3809,4852.0,6295.0
3810,3554.0,4152.0
3811,4528.0,5367.0
3812,5047.0,6835.0
3813,3104.0,4026.0
3816,7265.0,9059.0
3817,7545.0,9458.0
3818,4292.0,5904.0
3819,4953.0,5415.0
3820,4715.0,6528.0
3821,8431.0,7572.0
3822,1720.0,1845.0
3823,3588.0,4598.0
3824,5734.0,5815.0
3826,3455.0,4439.0
3827,3903.0,5838.0
3828,3539.0,5054.0
3829,3277.0,4305.0
3830,3412.0,4518.0
3831,2166.0,2677.0
3832,3570.0,4054.0
3833,4238.0,5116.0
3834,1216.0,2003.0
3835,4432.0,5098.0
3836,0.0,0.0
3837,4390.0,5758.0
3840,3787.0,4397.0
3841,5756.0,5709.0
3842,5128.0,5332.0
3843,5101.0,5493.0
3844,2965.0,3580.0
3845,3304.0,3704.0
3846,8104.0,10018.0
3847,0.0,0.0
3848,2705.0,3049.0
3850,1911.0,2182.0
3851,3910.0,4179.0
3852,6154.0,8532.0
3855,4529.0,6419.0
3856,8366.0,8707.0
3860,3625.0,3900.0
3861,4541.0,4802.0
3863,2613.0,3083.0
3864,3390.0,3681.0
3865,463.0,795.0
3866,0.0,0.0
3868,5719.0,6124.0
3869,900.0,646.0
3870,9959.0,12083.0
3872,1682.0,2583.0
3873,2073.0,3549.0
3876,4412.0,5351.0
3877,5776.0,6710.0
3878,2476.0,2897.0
3879,6041.0,7485.0
3880,1549.0,1855.0
3884,8083.0,9302.0
3886,3238.0,3916.0
3887,3061.0,3960.0
3888,6315.0,7531.0
3891,3222.0,3921.0
3892,3481.0,3879.0
3893,7106.0,7589.0
3894,2801.0,3183.0
3895,896.0,480.0
3896,7079.0,8250.0
3897,5587.0,7771.0
3898,5967.0,7265.0
3899,6552.0,8524.0
3900,6499.0,7300.0
3901,5610.0,6497.0
3904,5613.0,7580.0
3905,5067.0,5698.0
3906,3113.0,3506.0
3907,3438.0,3784.0
3908,3313.0,3765.0
3909,5654.0,5634.0
3910,2521.0,3215.0
3912,8770.0,10317.0
3914,3553.0,4246.0
3915,7912.0,11742.0
3916,3192.0,4948.0
3917,2302.0,2531.0
3918,6000.0,7638.0
3919,8885.0,12523.0
3920,7881.0,9972.0
3921,4565.0,4141.0
3922,6566.0,9255.0
3923,3356.0,5664.0
3924,3666.0,6463.0
3925,5436.0,9408.0
3926,4567.0,6746.0
3927,4363.0,6117.0
3928,3032.0,4068.0
3929,3351.0,5057.0
3930,4172.0,6615.0
3932,0.0,0.0
3933,2579.0,4450.0
3934,5573.0,6672.0
3935,3412.0,5309.0
3937,5123.0,7198.0
3938,7409.0,11291.0
3939,8605.0,10655.0
3940,6877.0,8978.0
3941,3544.0,5403.0
3942,2318.0,3144.0
3943,5609.0,7377.0
3944,2.0,2.0
3945,9159.0,12812.0
3946,11477.0,15340.0
3947,139.0,216.0
3950,3131.0,3948.0
3957,4751.0,5221.0
3958,0.0,0.0
3959,4596.0,6122.0
3960,3223.0,3477.0
3961,1716.0,2120.0
3962,2231.0,2456.0
3963,4191.0,5345.0
3964,4982.0,6687.0
3967,1486.0,1873.0
3968,4198.0,4789.0
3969,5083.0,6409.0
3971,2980.0,3896.0
3973,1227.0,1653.0
3975,6103.0,9627.0
3976,8275.0,11606.0
3978,1.0,10.0
3979,4853.0,5139.0
3980,4843.0,6387.0
3981,5260.0,6751.0
3982,6182.0,9559.0
3983,4525.0,6206.0
3984,11254.0,12360.0
3985,5989.0,7106.0
3986,10565.0,11290.0
3987,8857.0,14098.0
3988,10457.0,12391.0
3989,2214.0,3280.0
3993,6993.0,8631.0
3994,15801.0,18666.0
3995,4494.0,5671.0
3996,5962.0,7384.0
3997,4804.0,6439.0
3998,4527.0,6490.0
3999,3956.0,4856.0
4000,7389.0,8316.0
4001,5894.0,6608.0
4002,3011.0,3576.0
4003,2172.0,2725.0
4004,7549.0,8005.0
4005,4928.0,5749.0
4006,4314.0,5034.0
4007,4517.0,5428.0
4008,4654.0,6001.0
4010,2362.0,3169.0
4011,4107.0,4754.0
4013,4049.0,4858.0
4014,7812.0,8910.0
4015,2904.0,3940.0
4016,4464.0,5668.0
4017,5533.0,6438.0
4018,4533.0,5212.0
4019,3680.0,4068.0
4020,6109.0,6991.0
4021,5516.0,6178.0
4022,3850.0,4507.0
4023,13744.0,11329.0
4024,4793.0,5428.0
4025,4402.0,5425.0
4028,8162.0,8925.0
4029,3840.0,4531.0
4030,7159.0,8488.0
4031,0.0,0.0
4032,9457.0,10737.0
4033,5841.0,6594.0
4034,10532.0,12475.0
4035,28912.0,31384.0
4037,9867.0,10120.0
4038,5462.0,5839.0
4039,5164.0,5521.0
4040,6530.0,7238.0
4041,6998.0,7820.0
4042,4059.0,5050.0
4043,7497.0,9495.0
4044,6504.0,7919.0
4045,4927.0,6774.0
4046,18490.0,20774.0
4048,4815.0,6476.0
4049,5076.0,6774.0
4050,7085.0,9193.0
4051,3281.0,3963.0
4053,2917.0,3740.0
4054,2114.0,2779.0
4055,2845.0,3554.0
4056,0.0,0.0
4057,6141.0,8427.0
4058,0.0,0.0
4059,3988.0,5258.0
4061,3762.0,4808.0
4062,2417.0,3261.0
4063,5465.0,6171.0
4064,6493.0,6917.0
4066,5495.0,7095.0
4068,5269.0,7246.0
4069,0.0,0.0
4070,3469.0,4061.0
4071,5472.0,6767.0
4072,3713.0,4651.0
4073,4938.0,5740.0
4074,5233.0,6039.0
4075,3891.0,4380.0
4076,1985.0,2470.0
4077,1715.0,2358.0
4078,5470.0,6013.0
4079,5879.0,6532.0
4080,5230.0,6152.0
4081,5030.0,6306.0
4082,3958.0,5253.0
4084,3558.0,4123.0
4085,12670.0,16077.0
4086,3136.0,4696.0
4087,7427.0,7846.0
4088,4463.0,4612.0
4089,5628.0,6102.0
4090,4320.0,4479.0
4091,4269.0,4588.0
4092,4520.0,5308.0
4093,3329.0,4593.0
4096,2051.0,2621.0
4097,2660.0,3128.0
4099,,
4100,0.0,0.0
4101,5621.0,7985.0
4102,3642.0,4276.0
4103,4317.0,5410.0
4105,3384.0,4371.0
4106,669.0,1524.0
4107,4159.0,6584.0
4108,2785.0,3001.0
4109,2186.0,2363.0
4111,3922.0,5445.0
4112,5428.0,6822.0
4113,2805.0,2971.0
4114,4503.0,5980.0
4115,9039.0,10520.0
4116,4913.0,6083.0
4117,4860.0,6227.0
4118,4186.0,5284.0
4119,5731.0,7648.0
4120,1334.0,2332.0
4121,5418.0,6697.0
4124,4427.0,5760.0
4126,3575.0,4424.0
4127,0.0,0.0
4128,3836.0,4621.0
4129,6590.0,6977.0
4130,5010.0,6110.0
4131,5104.0,6167.0
4132,5051.0,6810.0
4133,1258.0,2315.0
4136,3384.0,3718.0
4137,2419.0,2775.0
4138,4232.0,5291.0
4140,4369.0,5551.0
4142,3791.0,4129.0
4143,3514.0,3560.0
4144,3629.0,3625.0
4145,8229.0,10243.0
4146,7547.0,9555.0
4147,4381.0,5408.0
4148,4808.0,5014.0
4149,2913.0,3624.0
4150,3697.0,4320.0
4152,5701.0,4178.0
4153,2298.0,2712.0
4154,3851.0,4269.0
4155,13517.0,15736.0
4158,3665.0,5288.0
4159,8105.0,9419.0
4160,7422.0,8406.0
4161,3448.0,4741.0
4162,8677.0,9046.0
4163,1100.0,1339.0
4164,5840.0,8072.0
4165,10246.0,10995.0
4166,10463.0,12905.0
4169,16388.0,18086.0
4170,9241.0,11144.0
4171,8044.0,9983.0
4172,7630.0,10041.0
4174,5989.0,7206.0
4176,10317.0,11744.0
4177,2393.0,2953.0
4178,7555.0,8416.0
4180,4088.0,5994.0
4181,10984.0,11650.0
4183,10745.0,11785.0
4184,9470.0,10378.0
4185,3315.0,4235.0
4186,3422.0,4309.0
4187,14063.0,16409.0
4188,4026.0,4974.0
4189,4448.0,5356.0
4190,3124.0,4364.0
4191,2732.0,3215.0
4193,2733.0,2642.0
4194,0.0,0.0
4195,0.0,0.0
4196,4194.0,5088.0
4197,12838.0,13981.0
4198,7231.0,8006.0
4199,7470.0,8314.0
4201,7704.0,8971.0
4202,8340.0,9616.0
4203,5377.0,6780.0
4204,4178.0,4900.0
4205,6453.0,7859.0
4206,7068.0,8378.0
4208,2714.0,3415.0
4209,1343.0,1767.0
4210,8179.0,9926.0
4211,3386.0,4258.0
4212,10897.0,13402.0
4213,2141.0,2695.0
4214,4211.0,5528.0
4215,5505.0,6387.0
4216,4844.0,4745.0
4217,5155.0,5074.0
4218,11151.0,13167.0
4219,2567.0,3272.0
4220,4257.0,4368.0
4221,5178.0,5500.0
4222,4715.0,4782.0
4223,1609.0,2188.0
4224,9742.0,11257.0
4226,6519.0,7616.0
4227,1096.0,1519.0
4228,4729.0,4787.0
4229,1131.0,1813.0
4230,7926.0,8494.0
4231,5881.0,8278.0
4232,5020.0,6565.0
4233,5254.0,6067.0
4234,4963.0,5955.0
4235,5098.0,6203.0
4236,6080.0,7254.0
4237,6166.0,7371.0
4238,2376.0,2711.0
4239,9284.0,9978.0
4240,6758.0,8017.0
4241,5080.0,5890.0
4242,3798.0,4974.0
4243,2584.0,3279.0
4244,2363.0,2728.0
4245,1995.0,2175.0
4246,4124.0,6195.0
4247,2769.0,3103.0
4248,2443.0,3386.0
4249,4596.0,4971.0
4251,4288.0,5025.0
4253,2413.0,3412.0
4254,8528.0,10030.0
4255,2927.0,4290.0
4256,2398.0,2995.0
4257,4961.0,5214.0
4258,4670.0,4749.0
4259,1746.0,2340.0
4260,4921.0,6153.0
4261,1578.0,2083.0
4262,4317.0,5621.0
4263,8773.0,9998.0
4264,6855.0,7235.0
4265,1611.0,1565.0
4266,8338.0,9516.0
4267,2995.0,3719.0
4268,10279.0,12678.0
4269,3514.0,4310.0
4270,5532.0,6160.0
4271,7034.0,7639.0
4272,4843.0,5421.0
4273,7603.0,9161.0
4274,2733.0,2941.0
4275,1911.0,3599.0
4276,,
4277,2921.0,3956.0
4278,3205.0,4020.0
4279,2379.0,2937.0
4280,2111.0,2552.0
4281,3176.0,4124.0
4282,2577.0,3251.0
4283,8566.0,10514.0
4284,2981.0,3240.0
4285,3703.0,4554.0
4287,2404.0,3237.0
4289,1989.0,2530.0
4290,4666.0,7061.0
4292,5112.0,5916.0
4293,3920.0,5429.0
4294,5187.0,6671.0
4295,5694.0,7404.0
4296,6599.0,7806.0
4297,5278.0,7025.0
4298,7917.0,10415.0
4299,3275.0,4009.0
4300,4472.0,6098.0
4301,11555.0,13147.0
4302,4.0,7.0
4303,3330.0,4372.0
4305,4829.0,6249.0
4306,8105.0,8957.0
4307,6723.0,7519.0
4310,8737.0,9422.0
4312,0.0,0.0
4314,5074.0,6316.0
4315,6182.0,8037.0
4316,0.0,0.0
4320,2757.0,3708.0
4321,10808.0,13912.0
4322,2080.0,2661.0
4323,2584.0,3709.0
4324,2881.0,3593.0
4325,2317.0,3127.0
4326,2627.0,3444.0
4328,1621.0,2384.0
4329,3757.0,4397.0
4330,4375.0,5693.0
4332,5494.0,7414.0
4333,2406.0,3517.0
4334,7713.0,9357.0
4335,3566.0,4474.0
4336,2869.0,3865.0
4339,2427.0,3061.0
4340,4016.0,6031.0
4341,6872.0,9367.0
4342,7225.0,9657.0
4343,4514.0,5952.0
4344,2796.0,3741.0
4345,5458.0,6760.0
4346,5689.0,6873.0
4347,3595.0,5051.0
4348,2699.0,3871.0
4349,3878.0,5224.0
4350,5346.0,7030.0
4351,8756.0,8115.0
4352,2403.0,2645.0
4353,8435.0,8744.0
4354,4273.0,4963.0
4355,6521.0,6862.0
4356,6982.0,5023.0
4357,4874.0,5298.0
4358,3745.0,4575.0
4359,2504.0,3551.0
4360,5974.0,6864.0
4361,2745.0,3780.0
4362,2699.0,3783.0
4363,12840.0,15203.0
4365,4880.0,5366.0
4366,3827.0,4467.0
4367,5802.0,6977.0
4368,5155.0,6346.0
4369,8178.0,9452.0
4370,8866.0,11494.0
4372,3064.0,3757.0
4373,6979.0,11228.0
4374,6127.0,9195.0
4376,4585.0,8123.0
4377,5279.0,9031.0
4378,4918.0,8657.0
4380,13523.0,13110.0
4381,14526.0,16948.0
4382,13458.0,12341.0
4383,4855.0,6715.0
4384,12362.0,12852.0
4385,8000.0,10195.0
4386,7542.0,10271.0
4387,7676.0,9623.0
4388,6702.0,8010.0
4389,3257.0,3872.0
4390,5898.0,7447.0
4391,3334.0,4356.0
4392,3562.0,3743.0
4393,3046.0,3737.0
4394,,
4395,2508.0,3228.0
4396,3552.0,4209.0
4397,3786.0,4808.0
4398,4054.0,5114.0
4399,3520.0,5241.0
4400,9720.0,11128.0
4402,7788.0,10686.0
4403,6092.0,7843.0
4404,7632.0,9557.0
4405,8263.0,10318.0
4406,12477.0,15478.0
4407,2841.0,3066.0
4408,4963.0,5618.0
4409,5865.0,7964.0
4410,3142.0,4146.0
4411,8050.0,9906.0
4412,4079.0,5745.0
4413,4162.0,4794.0
4414,2776.0,2622.0
4415,25769.0,28322.0
4416,5506.0,7451.0
4417,3394.0,4480.0
4418,6722.0,7722.0
4419,5161.0,5695.0
4421,11360.0,12526.0
4422,1857.0,2926.0
4423,4304.0,5080.0
4424,3240.0,3776.0
4425,1930.0,2742.0
4426,4114.0,4947.0
4427,6076.0,6865.0
4428,45.0,53.0
4429,1833.0,2653.0
4432,5916.0,5753.0
4433,6352.0,6790.0
4434,4539.0,7766.0
4435,5296.0,9455.0
4436,6153.0,10238.0
4437,6243.0,9048.0
4440,1810.0,2278.0
4441,13231.0,16082.0
4443,10452.0,12249.0
4444,4612.0,5389.0
4445,4012.0,5118.0
4446,4335.0,5646.0
4447,3840.0,4765.0
4448,11181.0,10795.0
4449,2311.0,3162.0
4450,3679.0,4108.0
4451,3977.0,5042.0
4452,414.0,670.0
4453,2568.0,3732.0
4454,5610.0,7453.0
4455,10660.0,13382.0
4456,6354.0,6543.0
4457,3361.0,4986.0
4458,4149.0,7124.0
4460,11892.0,13445.0
4461,15328.0,16542.0
4462,7712.0,6871.0
4463,9441.0,11028.0
4465,8793.0,10063.0
4466,12384.0,13700.0
4467,6942.0,6027.0
4468,5439.0,5715.0
4469,13550.0,15813.0
4470,5385.0,6954.0
4471,4430.0,5679.0
4472,6751.0,7235.0
4473,6134.0,6345.0
4474,10034.0,10357.0
4475,8890.0,9027.0
4476,2233.0,2354.0
4477,6837.0,5912.0
4478,9319.0,11684.0
4479,2669.0,3749.0
4480,2239.0,3078.0
4481,1722.0,2477.0
4482,7272.0,9790.0
4483,8320.0,10311.0
4484,3000.0,3708.0
4486,5364.0,7396.0
4487,5907.0,8508.0
4488,8421.0,11900.0
4489,2454.0,2488.0
4490,3173.0,4195.0
4491,3146.0,4563.0
4492,4537.0,6353.0
4493,3661.0,5313.0
4494,5099.0,6970.0
4495,2786.0,3624.0
4496,1799.0,2767.0
4497,4082.0,5055.0
4498,2619.0,2991.0
4499,6006.0,7780.0
4500,2645.0,3532.0
4501,1512.0,2727.0
4502,3920.0,6228.0
4503,2532.0,3500.0
4504,2507.0,3272.0
4505,3000.0,4339.0
4506,6659.0,8157.0
4507,2117.0,3252.0
4508,0.0,0.0
4510,2386.0,2479.0
4511,897.0,1024.0
4512,1111.0,1227.0
4514,4984.0,7388.0
4515,1214.0,1636.0
4517,9218.0,11663.0
4518,6301.0,9155.0
4519,5567.0,7397.0
4520,5706.0,6706.0
4521,9045.0,11529.0
4522,6531.0,8593.0
4523,267.0,419.0
4524,5624.0,8348.0
4525,4188.0,5532.0
4526,8317.0,10664.0
4527,6235.0,9241.0
4528,3224.0,4386.0
4529,249.0,316.0
4530,2333.0,2851.0
4531,3201.0,3626.0
4532,6370.0,7349.0
4533,3493.0,4659.0
4534,2360.0,3244.0
4535,3658.0,4691.0
4536,8534.0,10427.0
4537,2549.0,3109.0
4539,11178.0,13183.0
4540,9884.0,11810.0
4541,4403.0,5519.0
4542,4428.0,6544.0
4543,4810.0,6541.0
4544,5383.0,5860.0
4545,4280.0,4545.0
4546,870.0,1164.0
4547,407.0,422.0
4548,2304.0,2925.0
4549,13032.0,15427.0
4550,9407.0,11480.0
4551,9869.0,12879.0
4552,3402.0,3863.0
4553,5118.0,6625.0
4554,5518.0,7679.0
4555,1079.0,1498.0
4556,3057.0,3496.0
4557,3146.0,4331.0
4558,11753.0,12896.0
4560,7336.0,8883.0
4561,10376.0,10972.0
4562,7764.0,8299.0
4563,1618.0,1878.0
4564,6314.0,7069.0
4565,4602.0,5404.0
4566,7171.0,8158.0
4567,6347.0,8148.0
4568,293.0,354.0
4569,1812.0,2076.0
4570,1981.0,2004.0
4571,1442.0,1382.0
4572,785.0,942.0
4573,1888.0,2238.0
4574,4613.0,5739.0
4575,4513.0,4944.0
4576,5365.0,6155.0
4577,4265.0,4804.0
4578,429.0,563.0
4579,2228.0,2326.0
4580,3436.0,3278.0
4581,3543.0,3751.0
4582,3642.0,3687.0
4583,3313.0,3494.0
4584,7743.0,9652.0
4585,3811.0,3784.0
4586,416.0,375.0
4587,1426.0,1225.0
4588,476.0,590.0
4589,1765.0,1697.0
4590,0.0,0.0
4591,2650.0,2972.0
4592,558.0,578.0
4593,2375.0,2770.0
4594,3167.0,3498.0
4595,3616.0,3604.0
4596,568.0,681.0
4597,5316.0,5730.0
4598,2267.0,2252.0
4599,4736.0,6560.0
4600,4322.0,4862.0
4601,8310.0,9854.0
4602,2701.0,2912.0
4603,212.0,209.0
4604,306.0,303.0
4605,1591.0,2049.0
4606,2007.0,1700.0
4607,396.0,375.0
4608,2408.0,2951.0
4609,359.0,547.0
4610,4402.0,5914.0
4612,2957.0,3041.0
4613,8512.0,10596.0
4614,3798.0,4948.0
4615,5580.0,6628.0
4616,4002.0,4775.0
4617,5932.0,6546.0
4618,3774.0,5152.0
4619,0.0,0.0
4622,5999.0,7857.0
4623,0.0,0.0
4624,3667.0,4254.0
4625,4954.0,5878.0
4626,5342.0,6137.0
4627,5220.0,6124.0
4630,4438.0,6095.0
4631,0.0,0.0
4632,3719.0,5043.0
4634,1692.0,1986.0
4635,4670.0,5107.0
4636,5455.0,7112.0
4637,2742.0,2973.0
4638,10808.0,13962.0
4639,3409.0,4614.0
4640,4518.0,5823.0
4641,9202.0,11332.0
4642,0.0,0.0
4644,5012.0,6850.0
4645,6775.0,9741.0
4646,6423.0,8898.0
4647,5741.0,8102.0
4648,4754.0,6285.0
4649,5512.0,7840.0
4651,8799.0,11837.0
4652,10694.0,11630.0
4653,8804.0,10310.0
4654,2953.0,4285.0
4655,4447.0,6041.0
4656,6662.0,8695.0
4657,6598.0,7309.0
4660,11036.0,12655.0
4661,7436.0,7457.0
4662,3012.0,3028.0
4663,0.0,0.0
4664,5325.0,6950.0
4665,5847.0,5864.0
4666,5955.0,7347.0
4667,8171.0,10022.0
4668,10509.0,12452.0
4669,4546.0,4915.0
4671,6424.0,7127.0
4673,0.0,0.0
4675,8761.0,10503.0
4676,11171.0,16284.0
4677,4599.0,4938.0
4678,3366.0,4057.0
4679,4978.0,5881.0
4680,3587.0,4257.0
4681,6174.0,7245.0
4682,7638.0,8041.0
4683,0.0,0.0
4685,6357.0,7165.0
4686,7502.0,8995.0
4688,,
4690,2875.0,3148.0
4691,4133.0,4982.0
4693,0.0,0.0
4694,6178.0,8970.0
4695,3395.0,4633.0
4697,4452.0,6055.0
4698,8417.0,11172.0
4699,4754.0,6381.0
4700,5090.0,6518.0
4702,9016.0,12468.0
4704,8277.0,12109.0
4705,,
4708,29.0,175.0
4709,3722.0,5687.0
4710,7799.0,11687.0
4711,16561.0,15314.0
4712,3457.0,5082.0
4714,0.0,0.0
4715,8183.0,11582.0
4716,6713.0,9527.0
4717,7329.0,9939.0
4718,1947.0,2278.0
4720,5441.0,7132.0
4721,2380.0,2683.0
4722,4277.0,5841.0
4723,3927.0,5925.0
4726,5625.0,7596.0
4728,3153.0,4192.0
4729,3509.0,5237.0
4732,2316.0,2852.0
4733,4632.0,6786.0
4734,12242.0,15339.0
4735,2594.0,4907.0
4736,5455.0,6934.0
4737,2412.0,2673.0
4738,2466.0,2548.0
4739,5569.0,6182.0
4740,8395.0,9141.0
4741,7187.0,5946.0
4742,19162.0,19931.0
4743,2816.0,3256.0
4744,11110.0,11229.0
4745,7029.0,7936.0
4746,4759.0,4760.0
4747,4465.0,5094.0
4748,6092.0,6913.0
4749,4484.0,4707.0
4750,5910.0,6713.0
4751,2633.0,2777.0
4753,8067.0,8788.0
4754,2595.0,3046.0
4755,7104.0,7856.0
4756,3053.0,3447.0
4757,5947.0,7048.0
4758,3735.0,4550.0
4759,4309.0,5052.0
4760,2363.0,2988.0
4761,3472.0,4043.0
4762,3533.0,4023.0
4763,3528.0,4075.0
4764,6824.0,7680.0
4765,5305.0,6079.0
4766,5317.0,5953.0
4767,2710.0,3298.0
4768,4106.0,4609.0
4771,4054.0,4010.0
4772,7969.0,8517.0
4773,5107.0,4940.0
4774,3973.0,3952.0
4775,5770.0,7305.0
4776,4737.0,6122.0
4777,11439.0,11723.0
4778,5527.0,6247.0
4779,5471.0,6050.0
4780,8490.0,9330.0
4781,7687.0,9862.0
4782,12903.0,14165.0
4783,8527.0,9705.0
4784,7314.0,8179.0
4786,356.0,485.0
4787,5298.0,6611.0
4788,3359.0,4633.0
4789,4476.0,5959.0
4790,6266.0,7316.0
4791,5106.0,6133.0
4792,4044.0,4789.0
4793,6478.0,7079.0
4794,6710.0,8083.0
4795,4616.0,5686.0
4796,6512.0,8459.0
4798,20.0,23.0
4799,3691.0,4599.0
4800,7026.0,8136.0
4801,5278.0,6317.0
4802,9498.0,10784.0
4803,4251.0,5144.0
4805,8093.0,9264.0
4806,6146.0,7050.0
4807,2985.0,3411.0
4808,6147.0,6836.0
4809,4192.0,5057.0
4810,4211.0,4717.0
4811,2289.0,2954.0
4812,8441.0,9966.0
4813,5360.0,6179.0
4814,3224.0,3452.0
4815,5302.0,5491.0
4816,6862.0,8119.0
4817,3407.0,4029.0
4818,3498.0,4313.0
4819,5541.0,6229.0
4820,4095.0,4780.0
4821,5345.0,6705.0
4822,3412.0,4039.0
4823,3310.0,4745.0
4824,2876.0,3806.0
4825,1913.0,2373.0
4826,5462.0,6920.0
4827,3857.0,5143.0
4828,4455.0,4931.0
4829,4067.0,4990.0
4830,3318.0,3855.0
4831,5148.0,6411.0
4832,5586.0,8496.0
4833,3368.0,4543.0
4834,3024.0,4554.0
4835,1976.0,2715.0
4837,2917.0,2580.0
4838,6197.0,10483.0
4840,4959.0,5749.0
4841,3345.0,4347.0
4844,3340.0,4518.0
4845,3843.0,4678.0
4846,1707.0,2699.0
4847,4508.0,6285.0
4848,10482.0,11863.0
4849,2650.0,3465.0
4850,5580.0,6968.0
4851,1785.0,2035.0
4852,4673.0,5159.0
4853,5672.0,6583.0
4854,3912.0,4449.0
4855,5756.0,6422.0
4856,3213.0,3667.0
4857,3842.0,5732.0
4858,2950.0,3581.0
4859,10892.0,13622.0
4860,0.0,0.0
4861,6172.0,6221.0
4862,6433.0,6833.0
4863,7161.0,8222.0
4864,6549.0,7647.0
4865,4577.0,5772.0
4866,4512.0,5249.0
4868,3247.0,4653.0
4869,3362.0,5251.0
4870,3006.0,4020.0
4872,2411.0,3161.0
4873,7366.0,8518.0
4875,302.0,418.0
4876,111.0,125.0
4877,277.0,388.0
4878,5051.0,7665.0
4879,7069.0,7981.0
4880,9049.0,10594.0
4881,11302.0,13462.0
4882,4216.0,5775.0
4883,5818.0,7472.0
4884,4214.0,4849.0
4885,4553.0,5674.0
4886,8952.0,10537.0
4887,1845.0,1987.0
4888,3846.0,4199.0
4889,,
4890,6047.0,5909.0
4891,2327.0,2745.0
4892,2753.0,2968.0
4893,408.0,307.0
4894,1217.0,1683.0
4895,6654.0,7466.0
4896,14323.0,15879.0
4897,4849.0,6505.0
4898,2328.0,2707.0
4899,5670.0,7183.0
4900,5508.0,6732.0
4901,12184.0,14956.0
4902,11275.0,14735.0
4903,4464.0,4951.0
4904,2961.0,3352.0
4905,6600.0,7027.0
4906,3836.0,4862.0
4907,4574.0,5647.0
4908,871.0,851.0
4909,6914.0,9373.0
4910,3323.0,4795.0
4911,3470.0,4487.0
4912,4259.0,5624.0
4913,4483.0,6171.0
4915,4120.0,5977.0
4916,5106.0,5527.0
4917,1368.0,1548.0
4918,54.0,70.0
4919,8768.0,14030.0
4920,8140.0,9532.0
4921,1955.0,2314.0
4922,1051.0,1215.0
4923,3981.0,4432.0
4924,3696.0,4944.0
4925,2520.0,3513.0
4926,852.0,1357.0
4927,4798.0,5965.0
4928,2986.0,3015.0
4930,7533.0,10241.0
4932,9565.0,11779.0
4933,6487.0,7496.0
4934,8311.0,11136.0
4935,10308.0,14573.0
4936,9474.0,11665.0
4937,6345.0,8106.0
4938,3138.0,4347.0
4939,7096.0,9307.0
4940,3897.0,4998.0
4941,0.0,0.0
4942,7649.0,9310.0
4943,3839.0,4025.0
4944,7479.0,8635.0
4945,5129.0,6123.0
4946,3384.0,3761.0
4948,4640.0,6889.0
4949,4952.0,6727.0
4950,5280.0,7067.0
4951,7916.0,10487.0
4952,4992.0,7391.0
4953,4502.0,6399.0
4954,6954.0,9400.0
4955,4750.0,6110.0
4956,5455.0,7997.0
4958,0.0,0.0
4959,5946.0,8267.0
4960,2739.0,3065.0
4961,9609.0,10944.0
4962,8635.0,11559.0
4963,9562.0,11216.0
4964,3480.0,3740.0
4965,6486.0,7365.0
4967,6815.0,7798.0
4971,5730.0,7347.0
4972,2994.0,5792.0
4975,14618.0,15967.0
4976,10345.0,11800.0
4979,4965.0,5703.0
4980,2748.0,3444.0
4982,5129.0,7803.0
4983,5167.0,7812.0
4986,13985.0,15086.0
4987,9902.0,11734.0
4989,7726.0,9017.0
4990,6601.0,10001.0
4991,8174.0,10730.0
4992,9494.0,12760.0
4993,,
4994,7353.0,10466.0
4995,13592.0,15999.0
4996,8166.0,7682.0
4998,3830.0,4807.0
4999,7687.0,9812.0
5000,8020.0,9598.0
5001,2243.0,2102.0
5002,8944.0,12767.0
5003,8861.0,10764.0
5004,8857.0,11604.0
5005,3959.0,4905.0
5006,7993.0,10729.0
5007,13470.0,18074.0
5008,7424.0,8941.0
5009,7288.0,8943.0
5011,11937.0,15033.0
5012,2782.0,4117.0
5013,12101.0,15714.0
5014,12008.0,15947.0
5015,10790.0,13824.0
5016,11056.0,14953.0
5017,9919.0,12741.0
5018,13180.0,15796.0
5019,10213.0,12478.0
5020,10034.0,12263.0
5021,9696.0,11857.0
5022,4244.0,5220.0
5023,9945.0,11889.0
5024,2848.0,3832.0
5025,270.0,520.0
5026,4936.0,5832.0
5027,2108.0,2177.0
5028,2722.0,3470.0
5029,5440.0,6252.0
5030,2464.0,2927.0
5031,5077.0,5948.0
5032,3675.0,3792.0
5033,3880.0,4227.0
5034,2225.0,2671.0
5035,3657.0,4282.0
5036,2142.0,3237.0
5039,2886.0,4009.0
5040,1914.0,2149.0
5041,1585.0,2410.0
5042,5057.0,6352.0
5043,3644.0,4393.0
5044,2038.0,2353.0
5045,3402.0,4431.0
5048,3123.0,3775.0
5049,3100.0,4306.0
5050,4786.0,6631.0
5051,7329.0,10307.0
5052,3469.0,3873.0
5053,2015.0,2197.0
5054,4355.0,4784.0
5055,6134.0,7612.0
5056,5003.0,6331.0
5057,9124.0,10488.0
5058,6006.0,6577.0
5059,4906.0,5885.0
5062,9088.0,9211.0
5064,9943.0,12048.0
5065,9945.0,12753.0
5066,6146.0,7437.0
5067,3437.0,4466.0
5068,7677.0,8719.0
5069,8647.0,10354.0
5070,3589.0,4625.0
5071,4836.0,6040.0
5072,4070.0,5661.0
5073,3842.0,5347.0
5074,3411.0,4254.0
5075,3445.0,4078.0
5076,7961.0,9447.0
5077,4882.0,4620.0
5078,4818.0,6062.0
5079,19723.0,25844.0
5081,2586.0,2572.0
5082,1154.0,1359.0
5083,6525.0,6435.0
5084,0.0,0.0
5085,3753.0,4645.0
5086,6897.0,8114.0
5087,8258.0,9456.0
5088,7080.0,8474.0
5089,2281.0,3390.0
5092,6281.0,7685.0
5093,6894.0,7868.0
5097,2933.0,3079.0
5098,4819.0,5221.0
5099,2720.0,3557.0
5100,6285.0,7678.0
5101,7.0,0.0
5102,4961.0,6597.0
5103,6837.0,9041.0
5104,5548.0,7248.0
5105,2603.0,2965.0
5106,4932.0,7799.0
5108,4493.0,4868.0
5109,1450.0,2287.0
5110,2453.0,3248.0
5111,10460.0,13538.0
5112,2700.0,3729.0
5113,2383.0,3666.0
5114,4634.0,5248.0
5115,2730.0,3652.0
5116,5866.0,8344.0
5117,4099.0,4936.0
5118,4265.0,5133.0
5119,2934.0,4449.0
5120,3515.0,4170.0
5121,6299.0,7115.0
5123,2746.0,3131.0
5125,3101.0,4023.0
5127,3116.0,4220.0
5130,3845.0,4212.0
5131,4896.0,5878.0
5132,2862.0,4963.0
5133,6694.0,11282.0
5134,2735.0,4259.0
5135,3330.0,5577.0
5136,3092.0,3234.0
5137,5113.0,6200.0
5138,4770.0,8004.0
5140,3488.0,4161.0
5141,12679.0,14619.0
5142,1872.0,2705.0
5143,10808.0,13782.0
5150,1400.0,2335.0
5151,3088.0,4941.0
5152,2296.0,3445.0
5154,9392.0,12657.0
5155,5625.0,7974.0
5157,4049.0,5109.0
5158,4860.0,6743.0
5161,4153.0,5758.0
5162,4432.0,5451.0
5163,4452.0,4439.0
5164,7382.0,8951.0
5167,6402.0,7431.0
5168,2474.0,3576.0
5169,2887.0,3477.0
5170,2752.0,4366.0
5171,2805.0,1764.0
5173,6854.0,8394.0
5175,2020.0,2827.0
5177,7511.0,9006.0
5178,4821.0,5898.0
5179,2892.0,3214.0
5181,2353.0,2252.0
5182,3972.0,6289.0
5183,0.0,0.0
5185,3030.0,3625.0
5186,3913.0,4656.0
5187,566.0,415.0
5189,4751.0,5236.0
5190,4819.0,6400.0
5191,7268.0,9354.0
5192,4397.0,5739.0
5193,6152.0,7874.0
5194,5554.0,7300.0
5195,1376.0,1719.0
5196,5201.0,6335.0
5197,4296.0,5134.0
5198,4950.0,5975.0
5199,3776.0,4694.0
5200,4535.0,4562.0
5201,5500.0,6988.0
5202,5254.0,6178.0
5203,6848.0,7598.0
5204,5004.0,5458.0
5205,3336.0,3681.0
5206,2659.0,3014.0
5207,4690.0,5878.0
5208,6910.0,8597.0
5209,7721.0,9465.0
5210,5470.0,6828.0
5212,5619.0,6841.0
5213,6225.0,8955.0
5214,3423.0,5877.0
5215,5280.0,8081.0
5216,2540.0,2652.0
5218,6988.0,8267.0
5219,9101.0,10925.0
5221,4087.0,5419.0
5222,4240.0,4919.0
5223,3147.0,3670.0
5225,0.0,0.0
5226,5054.0,6625.0
5227,10976.0,14971.0
5228,3670.0,4217.0
5229,1232.0,1500.0
5230,5993.0,6554.0
5231,4345.0,4820.0
5232,2731.0,3479.0
5233,2620.0,4155.0
5234,5786.0,9037.0
5235,9262.0,15510.0
5236,4799.0,7017.0
5237,6939.0,8614.0
5238,8685.0,7809.0
5239,7225.0,8932.0
5240,7718.0,8011.0
5241,4500.0,4962.0
5242,3462.0,5266.0
5243,6080.0,6853.0
5244,7357.0,9307.0
5246,5974.0,8286.0
5248,5734.0,6715.0
5249,9265.0,15689.0
5250,5431.0,6467.0
5251,3134.0,5152.0
5252,12128.0,15887.0
5253,7286.0,8163.0
5254,12172.0,15802.0
5255,3697.0,5298.0
5256,12739.0,15428.0
5257,8707.0,11769.0
5258,4318.0,5180.0
5259,11276.0,17036.0
5262,5530.0,7840.0
5263,5061.0,5750.0
5265,5095.0,7407.0
5266,4734.0,5391.0
5268,6470.0,11221.0
5269,6905.0,8515.0
5270,3519.0,4495.0
5271,3881.0,6236.0
5272,9222.0,10140.0
5273,13358.0,19199.0
5274,5568.0,7914.0
5275,4659.0,6652.0
5276,3919.0,5914.0
5277,3742.0,6022.0
5279,9870.0,15601.0
5280,4300.0,3797.0
5281,7617.0,11325.0
5282,6516.0,11387.0
5283,5855.0,9248.0
5284,6471.0,11902.0
5286,12975.0,16285.0
5287,2715.0,4098.0
5290,3366.0,4462.0
5291,4000.0,6258.0
5295,5436.0,6335.0
5296,19501.0,25659.0
5297,4023.0,5468.0
5298,3959.0,5378.0
5299,3979.0,8717.0
5300,5500.0,6267.0
5302,6256.0,7523.0
5304,3167.0,3134.0
5305,5163.0,5712.0
5306,2749.0,3501.0
5307,4831.0,6180.0
5308,3414.0,5561.0
5310,2885.0,3360.0
5312,2979.0,4978.0
5313,14446.0,19861.0
5316,6569.0,11911.0
5317,2574.0,4859.0
5318,4771.0,9234.0
5319,4335.0,7843.0
5320,4432.0,8107.0
5321,3494.0,5961.0
5322,2378.0,3834.0
5323,7696.0,7541.0
5324,4798.0,9062.0
5325,6163.0,10479.0
5326,3533.0,5552.0
5327,2327.0,2978.0
5328,10986.0,14590.0
5329,4270.0,5228.0
5330,2315.0,2713.0
5331,5543.0,7418.0
5334,2155.0,3509.0
5335,3179.0,3969.0
5336,2534.0,3251.0
5337,,
5339,4262.0,6080.0
5340,917.0,1782.0
5342,5455.0,7842.0
5343,2532.0,5057.0
5345,2673.0,4658.0
5346,8012.0,10723.0
5347,2976.0,5362.0
5348,2829.0,3325.0
5349,1851.0,2314.0
5350,5956.0,6609.0
5351,5551.0,7182.0
5352,2293.0,3531.0
5353,5277.0,6712.0
5354,1809.0,1966.0
5355,3325.0,3699.0
5356,6534.0,8589.0
5357,5596.0,6370.0
5359,6343.0,7723.0
5360,2448.0,4343.0
5361,6604.0,8109.0
5362,1372.0,1899.0
5363,2949.0,5131.0
5364,2369.0,3458.0
5365,2843.0,3033.0
5368,6327.0,9228.0
5369,1411.0,2251.0
5371,7370.0,9891.0
5372,4670.0,6192.0
5373,2196.0,3594.0
5374,1261.0,1760.0
5375,3495.0,4965.0
5376,3924.0,6021.0
5377,2193.0,3970.0
5378,1262.0,1349.0
5380,5338.0,9477.0
5381,2204.0,4147.0
5382,2855.0,5145.0
5383,1635.0,3178.0
5385,3685.0,6521.0
5386,2441.0,2906.0
5388,7875.0,12223.0
5389,8628.0,13911.0
5390,3356.0,6264.0
5395,3113.0,4067.0
5396,2151.0,3568.0
5397,2247.0,2886.0
5398,774.0,1124.0
5399,4338.0,8396.0
5401,1951.0,3163.0
5402,1573.0,2365.0
5410,6029.0,7785.0
5411,2125.0,3422.0
5412,3511.0,4736.0
5413,2819.0,3109.0
5414,1588.0,3032.0
5415,4521.0,4852.0
5416,3570.0,3762.0
5417,3967.0,4509.0
5418,2935.0,5028.0
5420,2279.0,3931.0
5422,504.0,617.0
5423,4206.0,6465.0
5424,4239.0,5034.0
5425,5688.0,6382.0
5426,,
5427,3338.0,3477.0
5429,2049.0,2242.0
5430,2901.0,3568.0
5432,3592.0,5274.0
5433,1916.0,3658.0
5434,5115.0,9475.0
5436,1569.0,2514.0
5437,8530.0,14925.0
5438,2936.0,5862.0
5439,877.0,1467.0
5440,5730.0,8818.0
5441,5784.0,8967.0
5442,4668.0,7637.0
5443,5060.0,8635.0
5444,3790.0,6096.0
5445,2810.0,4820.0
5446,7703.0,8210.0
5447,10055.0,15368.0
5448,7423.0,11604.0
5449,3206.0,5379.0
5450,,
5451,6110.0,5976.0
5452,1844.0,3204.0
5453,2223.0,3180.0
5454,2840.0,4885.0
5455,1510.0,2792.0
5458,2975.0,3383.0
5459,4541.0,9264.0
5460,5032.0,9808.0
5461,7950.0,10609.0
5462,4272.0,6985.0
5463,4472.0,7211.0
5464,,
5465,,
5466,2867.0,3459.0
5469,4288.0,5360.0
5470,5652.0,8769.0
5471,6178.0,9484.0
5474,5564.0,7286.0
5475,509.0,375.0
5476,2360.0,3678.0
5479,,
5480,5914.0,9163.0
5481,5836.0,6014.0
5482,3771.0,3696.0
5484,,
5486,1375.0,2678.0
5494,2663.0,2850.0
5499,4652.0,5051.0
5500,,
5501,,
5505,,
5603,2701.0,3021.0
5606,4637.0,4984.0
5607,2922.0,3160.0
5609,3713.0,4167.0
5610,3525.0,3957.0
5611,2818.0,3177.0
5654,8224.0,7560.0
5655,5260.0,5359.0
5657,7503.0,7332.0
5658,2036.0,1829.0
5659,7221.0,7170.0
5661,3378.0,2594.0
5662,2902.0,2530.0
5663,2105.0,1828.0
5799,5138.0,6213.0
5800,4724.0,5489.0
5801,10769.0,13608.0
5802,5070.0,6031.0
5806,3907.0,5700.0
5807,4175.0,4889.0
5808,3812.0,4996.0
5809,3272.0,4167.0
5810,4209.0,5273.0
5811,2940.0,3160.0
5812,2568.0,3249.0
5813,0.0,0.0
5814,1313.0,1089.0
5815,4910.0,5173.0
5817,6271.0,6548.0
5819,9071.0,8998.0
5820,8156.0,8642.0
5821,7016.0,8193.0
5824,8331.0,9980.0
5827,3274.0,3887.0
5830,3255.0,3280.0
5831,3621.0,4786.0
5832,5930.0,7155.0
5833,4108.0,5501.0
5834,,
5835,3227.0,4173.0
5836,1272.0,1342.0
5837,5223.0,5902.0
5838,4190.0,5213.0
5839,2459.0,2384.0
5840,3947.0,3835.0
5841,2358.0,2212.0
5842,4640.0,4787.0
5843,2750.0,4347.0
5844,3832.0,5988.0
5845,2102.0,2358.0
5846,2201.0,2900.0
5847,4681.0,5475.0
5848,2991.0,3739.0
5850,6837.0,7928.0
5851,1857.0,4076.0
5852,1058.0,1906.0
5853,5419.0,6028.0
5854,5487.0,6750.0
5855,1.0,2.0
5856,12181.0,14378.0
5857,5113.0,5274.0
5858,4474.0,4808.0
5859,,
5861,2746.0,3630.0
5862,5099.0,6434.0
5863,7460.0,9459.0
5864,6080.0,6963.0
5865,2247.0,2262.0
5868,2200.0,2981.0
5870,1892.0,3382.0
5871,,
5872,2607.0,3448.0
5873,3025.0,4227.0
5874,294.0,579.0
5875,6317.0,6169.0
5876,2857.0,3609.0
5877,5103.0,5419.0
5878,5438.0,6492.0
5879,4808.0,5709.0
5881,3653.0,4390.0
5882,2665.0,3610.0
5884,13536.0,16756.0
5901,4686.0,5337.0
5902,6072.0,6962.0
5903,13394.0,15512.0
5904,4599.0,5529.0
5905,4892.0,5708.0
5911,5440.0,5469.0
5912,5215.0,5546.0
5913,4534.0,4199.0
5915,3869.0,4334.0
5935,1833.0,2192.0
5936,2313.0,3038.0
5937,2566.0,2729.0
5939,2230.0,2303.0
5940,383.0,668.0
5942,2872.0,3369.0
5950,4947.0,5190.0
5951,4456.0,5182.0
5958,,
5959,3659.0,4353.0
5975,1977.0,2850.0
5985,2798.0,3392.0
5986,796.0,1098.0
5997,3781.0,6330.0
5999,3165.0,3466.0
6000,,
6002,3936.0,3795.0
6003,3425.0,4484.0
6004,2545.0,3927.0
6017,3435.0,4144.0
6018,3732.0,4097.0
6025,4094.0,5109.0
6034,2561.0,3266.0
6035,3701.0,4214.0
6047,1536.0,1568.0
6048,882.0,850.0
6052,2385.0,3146.0
6053,2214.0,3579.0
6064,2513.0,2544.0
6065,2348.0,3335.0
6066,3890.0,5659.0
6067,2163.0,3312.0
6068,3810.0,4133.0
6069,2948.0,3969.0
6070,2842.0,3340.0
6071,2781.0,2799.0
6072,2815.0,2928.0
6074,3832.0,5287.0
6075,4542.0,5230.0
6077,4527.0,5368.0
6078,5385.0,7142.0
6079,3770.0,4708.0
6080,6270.0,6149.0
6081,5790.0,7840.0
6082,4182.0,4922.0
6083,4978.0,5713.0
6085,5640.0,7044.0
6086,5929.0,7415.0
6087,3790.0,4523.0
6088,4342.0,5450.0
6089,5954.0,7599.0
6090,4766.0,6043.0
6091,4105.0,4343.0
6092,6457.0,6677.0
6093,8482.0,7374.0
6094,6662.0,7133.0
6096,,
6097,5359.0,6198.0
6098,4467.0,4307.0
6099,5698.0,5799.0
6101,5960.0,5794.0
6102,2533.0,2405.0
6120,2256.0,2304.0
6121,4552.0,4861.0
6122,3229.0,3453.0
6124,4148.0,4264.0
6137,1997.0,2427.0
6138,4669.0,6586.0
6142,1801.0,2930.0
6143,3644.0,5107.0
6144,3762.0,5736.0
6145,3101.0,2796.0
6146,3273.0,4765.0
6148,3006.0,2914.0
6149,3854.0,4088.0
6150,5182.0,8450.0
6151,2987.0,3033.0
6152,9554.0,10685.0
6154,8241.0,8706.0
6158,3728.0,4429.0
6196,3081.0,4702.0
6197,2550.0,3029.0
6198,3835.0,4441.0
6200,12795.0,14477.0
6201,5752.0,6702.0
6203,6613.0,7958.0
6204,3859.0,4292.0
6205,8553.0,9754.0
6206,3937.0,3714.0
6207,5509.0,6512.0
6208,2847.0,3612.0
6211,3882.0,4626.0
6214,4094.0,5631.0
6216,3450.0,5336.0
6217,3758.0,4559.0
6218,3106.0,4907.0
6219,1537.0,1760.0
6220,4429.0,5276.0
6221,2282.0,3095.0
6223,6147.0,7441.0
6224,6542.0,8349.0
6225,4991.0,6157.0
6226,4654.0,5695.0
6230,4332.0,5361.0
6231,8518.0,10254.0
6232,3865.0,4531.0
6233,4460.0,5347.0
6234,,
6235,3191.0,3385.0
6236,4222.0,4366.0
6243,9927.0,10865.0
6244,1457.0,1417.0
6247,2758.0,4317.0
6248,,
6249,3938.0,5101.0
6250,3318.0,4272.0
6251,3832.0,4368.0
6252,6692.0,7127.0
6253,7696.0,8639.0
6254,6112.0,7103.0
6255,7235.0,8499.0
6256,5272.0,6199.0
6257,5993.0,6925.0
6258,6110.0,6836.0
6259,5844.0,6790.0
6260,2326.0,3375.0
6261,8206.0,9774.0
6262,5825.0,7501.0
6264,5410.0,6806.0
6265,4461.0,5340.0
6266,0.0,0.0
6267,2334.0,3753.0
6268,2698.0,3642.0
6269,4198.0,5397.0
6270,3500.0,3772.0
6271,2478.0,2804.0
6272,4672.0,5301.0
6273,4091.0,4394.0
6274,3296.0,4149.0
6275,2543.0,3545.0
6276,4822.0,5657.0
6279,5837.0,7672.0
6280,5884.0,7350.0
6283,2967.0,3044.0
6284,4572.0,5233.0
6285,4833.0,6109.0
6287,5229.0,6598.0
6288,7399.0,9505.0
6289,5106.0,6013.0
6290,5428.0,7204.0
6291,4415.0,6118.0
6292,5223.0,6548.0
6293,8447.0,10166.0
6294,4516.0,6178.0
6301,3525.0,3774.0
6302,3339.0,3377.0
6303,4285.0,4726.0
6304,4447.0,6230.0
6305,4469.0,5582.0
6306,1793.0,2734.0
6307,5988.0,6173.0
6308,3461.0,3507.0
6310,1665.0,1664.0
6311,2495.0,2801.0
6312,4318.0,6033.0
6313,3992.0,4828.0
6314,,
6318,,
6320,3282.0,3364.0
6321,4029.0,5272.0
6324,4707.0,5686.0
6325,9165.0,10073.0
6330,3283.0,3501.0
6332,5020.0,6166.0
6333,5396.0,7088.0
6336,10644.0,12025.0
6337,4933.0,6436.0
6338,4274.0,5884.0
6340,861.0,1261.0
6341,2522.0,3637.0
6350,4445.0,5511.0
6360,2978.0,3904.0
6400,3432.0,3410.0
6403,2666.0,2940.0
6404,2717.0,2734.0
6405,0.0,0.0
6406,1194.0,1272.0
6407,4231.0,3858.0
6408,5127.0,6142.0
6409,2727.0,3022.0
6411,2560.0,3520.0
6412,4823.0,5721.0
6413,2686.0,2364.0
6414,5307.0,6394.0
6421,3029.0,2933.0
6440,4593.0,5066.0
6442,5661.0,5586.0
6443,3157.0,3250.0
6444,4999.0,5192.0
6445,8535.0,9717.0
6447,5040.0,5420.0
6449,5922.0,7334.0
6450,3929.0,4818.0
6451,2477.0,3440.0
6452,4395.0,5181.0
6461,2605.0,3255.0
6600,1719.0,1808.0
6601,5267.0,6642.0
6610,317.0,521.0
6611,7047.0,7978.0
6614,1841.0,3214.0
6615,3405.0,4137.0
6616,13028.0,17790.0
6630,9530.0,12395.0
6631,6534.0,9085.0
6632,5484.0,7298.0
6633,0.0,0.0
6634,6712.0,8009.0
6641,3053.0,3893.0
6643,3215.0,4009.0
6644,2784.0,3904.0
6645,2527.0,3449.0
6647,1510.0,2012.0
6648,1333.0,1366.0
6649,3762.0,3970.0
6651,1511.0,1963.0
6652,5869.0,7071.0
6654,3171.0,3069.0
6655,2543.0,2342.0
6656,7368.0,8859.0
6657,2010.0,2475.0
6660,7233.0,7452.0
6661,6610.0,7577.0
6664,1672.0,2133.0
6665,1618.0,1659.0
6670,4092.0,4099.0
6671,1949.0,2526.0
6672,1828.0,2408.0
6673,4060.0,4420.0
6674,,
6675,7655.0,8147.0
6676,2280.0,2605.0
6677,3252.0,4160.0
6678,1995.0,3003.0
6679,6937.0,7895.0
6681,3076.0,4110.0
6685,7773.0,9315.0
6686,5671.0,6540.0
6688,7802.0,8242.0
6689,8910.0,8719.0
6690,4292.0,3984.0
6691,5536.0,6347.0
6692,6628.0,7472.0
6695,8120.0,9009.0
6697,7081.0,9717.0
6701,3071.0,2630.0
6702,7355.0,8442.0
6703,,
6705,2315.0,2614.0
6723,2193.0,2788.0
6724,1985.0,2184.0
6801,2430.0,4018.0
6802,3812.0,5055.0
6803,2717.0,3502.0
6805,2755.0,2914.0
6809,2301.0,2637.0
6810,2997.0,3575.0
6811,4570.0,4748.0
6812,7970.0,8951.0
6813,7122.0,8563.0
6814,3469.0,4713.0
6815,6429.0,6878.0
6816,1495.0,1562.0
6817,7309.0,8209.0
6818,7698.0,8878.0
6819,4609.0,5890.0
6820,6534.0,7312.0
6821,5357.0,5935.0
6822,4402.0,5289.0
6823,1967.0,1696.0
6824,2550.0,2542.0
6825,1636.0,2134.0
6827,4645.0,5766.0
6828,4027.0,4974.0
6830,1570.0,1695.0
6831,4217.0,4351.0
6978,,
7047,538.0,494.0
7050,,
7230,,
7231,,
7232,,
7233,,
7538,0.0,0.0
7664,281.0,324.0
7667,75.0,62.0
7987,,
8520,2653.0,3385.0
9263,,
9901,,
9902,,
24426,,
32000,6896.0,8145.0
32001,,
32002,5665.0,7178.0
32003,10198.0,13182.0
32004,,
32005,3370.0,5381.0
32006,2262.0,4604.0
32007,1971.0,3850.0
32009,2757.0,3712.0
32012,4414.0,6407.0
32016,1909.0,3072.0
32017,,
32018,4324.0,5775.0
32019,621.0,1568.0
32020,3940.0,5993.0
32022,3774.0,7566.0
32023,5533.0,8174.0
32024,3414.0,6530.0
32025,2480.0,4771.0
32026,1779.0,3635.0
32027,4393.0,5692.0
32035,8322.0,10275.0
32036,13025.0,20314.0
32037,6204.0,10777.0
32038,21416.0,24629.0
32039,7950.0,9753.0
32040,,
32041,,
32042,133.0,157.0
32043,,
32044,3470.0,7367.0
32045,1321.0,2211.0
32046,6839.0,10824.0
32048,4448.0,6312.0
32049,3993.0,6789.0
32050,8120.0,11945.0
32051,8495.0,12677.0
32052,4208.0,6575.0
32053,2153.0,3953.0
32054,3837.0,7385.0
32055,4279.0,7401.0
32057,,
32060,,
32061,,
32064,3168.0,4679.0
32066,9205.0,14027.0
32067,2526.0,4394.0
32070,1739.0,3543.0
32072,3879.0,4913.0
32073,,
32074,5062.0,6965.0
32076,5299.0,8659.0
32079,1373.0,2556.0
32080,7957.0,8455.0
32081,,
32082,243.0,274.0
32084,,
32088,4087.0,5663.0
32093,,
32094,3893.0,5332.0
32096,7139.0,8946.0
32097,3987.0,5318.0
32100,1848.0,3429.0
32101,,
32102,221.0,411.0
32105,444.0,252.0
32106,448.0,275.0
32108,4681.0,7795.0
32110,55.0,44.0
32111,6220.0,8889.0
32112,4845.0,7754.0
32115,6935.0,9600.0
32117,6882.0,9213.0
32119,4033.0,5397.0
32125,8011.0,12539.0
32131,5681.0,7100.0
32132,6506.0,8253.0
32133,3633.0,4915.0
32138,5951.0,9412.0
32146,2126.0,3585.0
32148,7224.0,7261.0
32149,2263.0,3056.0
32152,2258.0,3994.0
32154,,
32155,2623.0,3233.0
32156,6064.0,7596.0
32159,,
32160,2524.0,2937.0
32176,5635.0,6833.0
32177,703.0,1058.0
32178,4037.0,5888.0
32182,292.0,435.0
32183,3296.0,3610.0
32186,,
32188,7444.0,13081.0
32191,,
32194,,
32203,2150.0,2612.0
32222,,
32249,1661.0,3288.0
32400,,
42118,,
